name,email,website,league
Gola,,,National League
General Motors,ListingManager@nyse.com,https://www.nyse.com/quote/XNYS:GM,National League
Nationwide Building Society,,https://www.nationwide.co.uk,National League
Blue Square,,,National League
Skrill,,https://skrill.com,National League
Enterprise Rent-A-Car,noSub_enerpriserentalcar@lexisnexis.com,https://www.enterprise.com/en/home.html,National League
Aldershot Town,,http://www.theshots.co.uk/,National League
Altrincham,,http://streetmap.co.uk/grid/376500_387500_120,National League
Boreham Wood,,http://streetmap.co.uk/grid/519500_197500_120,National League
Boston United,2431fa97889e4751b7ff02313b91d5a7@sentry.io,http://www.bostonunited.co.uk,National League
Brackley Town,2431fa97889e4751b7ff02313b91d5a7@sentry.io,https://www.brackleytownfc.com/,National League
Braintree Town,,http://www.braintreetownfc.org.uk,National League
Carlisle United,,https://www.carlisleunited.co.uk/,National League
Eastleigh,,http://streetmap.co.uk/grid/445638_118844_106,National League
FC Halifax Town,,https://fchalifaxtown.com/,National League
Forest Green Rovers,,https://www.fgr.co.uk/,National League
Gateshead,,http://streetmap.co.uk/grid/424000_560000_140,National League
Hartlepool United,,https://www.hartlepoolunited.co.uk/,National League
Morecambe,,http://streetmap.co.uk/grid/342500_463400_120,National League
Rochdale,,http://streetmap.co.uk/grid/389300_413000_120,National League
Scunthorpe United,feedback@scunthorpe-united.co.uk,https://www.scunthorpe-united.co.uk/,National League
Solihull Moors,info@solihullmoorsfc.co.uk,http://www.solihullmoorsfc.co.uk/,National League
Southend United,Maps@Mail.ru,https://geohack.toolforge.org/geohack.php?pagename=Southend_United_F.C.&params=51.549_N_0.7018_E_,National League
Sutton United,,http://suttonunited.net,National League
Tamworth,,,National League
Truro City,,https://trurocity.co.uk/,National League
Wealdstone,,http://streetmap.co.uk/grid/515500_189500_120,National League
Woking,,https://geohack.toolforge.org/geohack.php?pagename=Woking&params=51_19_13_N_00_33_24_W_type:city_region:GB-SRY,National League
Yeovil Town,,,National League
York City,Maps@Mail.ru,https://geohack.toolforge.org/geohack.php?pagename=York_City_F.C.&params=53_59_05_N_1_03_10_W_,National League
Runcorn,,http://streetmap.co.uk/grid/351400_383000_110,National League
Enfield,,,National League
Maidstone United,CHURCHILL-FIRE-AND-SECURITY-LOG@2x.png,http://www.maidstoneunited.co.uk/,National League
Scarborough,,,National League
Lincoln City,,,National League
Darlington,,http://streetmap.co.uk/grid/428900_514700_120,National League
Barnet,,,National League
Colchester United,,http://www.cu-fc.com,National League
Wycombe Wanderers,8b44821facb7459688f61e5b6cec1d45@o392955.ingest.sentry.io,http://wwfc.com,National League
Kidderminster Harriers,,https://harriers.co.uk,National League
Macclesfield Town,,,National League
Stevenage Borough,alevinson@efl.com,https://www.stevenagefc.com/,National League
Halifax Town,,https://fchalifaxtown.com/,National League
Cheltenham Town,,http://ctfc.com,National League
Rushden & Diamonds,,,National League
Chester City,,,National League
Accrington Stanley,,http://accringtonstanley.co.uk,National League
Dagenham & Redbridge,info@daggersfc.co.uk,http://www.daggers.co.uk/,National League
Burton Albion,,https://www.burtonalbionfc.co.uk/,National League
Crawley Town,Maps@Mail.ru,https://geohack.toolforge.org/geohack.php?pagename=Crawley_Town_F.C.&params=51.0997_N_0.1948_W_type:landmark_scale:2000,National League
Fleetwood Town,,https://www.fleetwoodtownfc.com/,National League
Mansfield Town,,http://www.mansfieldtown.net/,National League
Luton Town,digital.support@lutontown.co.uk,https://lutontown.co.uk,National League
Leyton Orient,5d72ca30595a4c5a8481ff612ebd4e76@o392955.ingest.sentry.io,https://www.leytonorient.com/,National League
Barrow,,,National League
Stockport County,digital@stockportcounty.com,http://www.stockportcounty.com/?site/desktop,National League
Wrexham,,http://streetmap.co.uk/grid/333500_350500_120,National League
Chesterfield,,,National League
Exeter City,,https://www.exetercityfc.co.uk/,National League
Dover Athletic,enquiries@doverathletic.com,http://www.doverathletic.com/,National League
AFC Fylde,,http://www.afcfylde.co.uk,National League
Notts County,Maps@Mail.ru,https://geohack.toolforge.org/geohack.php?pagename=Notts_County_F.C.&params=52_56_33_N_1_8_14_W_,National League
Oldham Athletic,,https://oldhamathletic.co.uk,National League
Bristol Rovers,,https://www.bristolrovers.co.uk,National League
Tranmere Rovers,streaming@tranmererovers.co.uk,https://www.tranmererovers.co.uk/,National League
pandemic,,,National League
Kettering Town,123Asset-1@2x.png,http://www.ketteringtownfc.com,National League
AFC Telford United,enquiries@afctu.co.uk,https://telfordunited.com/,National League North
Bedford Town,,,National League North
Buxton,,http://streetmap.co.uk/grid/405900_373500_120,National League North
Chester,,http://streetmap.co.uk/grid/340500_366500_120,National League North
Chorley,,http://streetmap.co.uk/grid/358000_417000_140,National League North
Harborough Town,enquiries@harboroughtownfc.org,http://www.harboroughtownfc.org,National League North
Hebburn Town,,https://www.hebburntownfc.com,National League North
Hednesford Town,info@htfc.co.uk,http://www.htfc.co.uk,National League North
Hereford,,http://streetmap.co.uk/grid/351500_240500_120,National League North
King's Lynn Town,,https://www.kltown.co.uk,National League North
Macclesfield,,http://streetmap.co.uk/grid/391000_373000_140,National League North
Marine,,,National League North
Merthyr Town,intl-segmenter@11.7.10,https://www.merthyrtownfc.co.uk/,National League North
Oxford City,,http://www.oxfordcityfc.co.uk,National League North
Radcliffe,,,National League North
Scarborough Athletic,,http://scarboroughathletic.com,National League North
Southport,,http://streetmap.co.uk/grid/333300_417000_120,National League North
South Shields,,http://streetmap.co.uk/grid/436500_566500_120,National League North
Spalding United,,,National League North
Spennymoor Town,,https://spennymoortownfc.co.uk/,National League North
Worksop Town,,http://www.worksoptownfc.com/,National League North
Northwich Victoria,2431fa97889e4751b7ff02313b91d5a7@sentry.io,http://northwichvictoriafc.com,National League North
Droylsden,,http://streetmap.co.uk/grid/389000_398000_140,National League North
Alfreton Town,Maps@Mail.ru,https://geohack.toolforge.org/geohack.php?pagename=Alfreton_Town_F.C.&params=53_05_40_N_1_22_53_W_,National League North
Hyde United,,http://hydeunited.co.uk,National League North
Salford City,,,National League North
Curzon Ashton,,https://curzon-ashton.co.uk/,National League North
Leamington,,,National League North
Peterborough Sports,,,National League North
Redditch United,,https://geohack.toolforge.org/geohack.php?pagename=Redditch_United_F.C.&params=52.3078_N_1.9516_W_region:GB,National League North
AFC Totton,,,National League South
Billericay Town,info@billericaytownfc.co.uk,https://www.billericaytownfc.co.uk,National League South
Chelmsford City,,,National League South
Chesham United,,,National League South
Dorking Wanderers,,,National League South
Ebbsfleet United,,,National League South
Farnborough,,,National League South
Farnham Town,,,National League South
Folkestone Invicta,,,National League South
Hampton & Richmond Borough,,,National League South
Hemel Hempstead Town,,,National League South
Horsham,,,National League South
Maidenhead United,,,National League South
Salisbury,,,National League South
Slough Town,,,National League South
Tonbridge Angels,,,National League South
Torquay United,,,National League South
Walton & Hersham,,,National League South
Weston-super-Mare,,,National League South
Bath City,,,National League South
Eastbourne Borough,,,National League South
Worthing,,,National League South
Hornchurch,,,National League South
Chippenham Town,,,National League South
Enfield Town,,,National League South
Grays Athletic,,,National League South
Weymouth,,,National League South
Histon,,,National League South
Lewes,,,National League South
AFC Wimbledon,,,National League South
Newport County,,,National League South
Welling United,,,National League South
Bromley,,,National League South
Havant & Waterlooville,,,National League South
Salisbury City,,,National League South
Dartford,,,National League South
Dulwich Hamlet,,,National League South
COVID-19 pandemic,,,National League South
Dorchester Town,,,National League South
Bognor Regis Town,,,National League South
Redbridge,,,National League South
Alexis André Jr.,,,National League South
Dave Tarpey,,,National League South
Shaun Jeffers,,,National League South
Basingstoke Town,,,National League South
Ashton United,,,Northern Premier League
Bamber Bridge,,,Northern Premier League
Cleethorpes Town,,,Northern Premier League
FC United of Manchester,,,Northern Premier League
Gainsborough Trinity,,,Northern Premier League
Guiseley,,,Northern Premier League
Ilkeston Town,,,Northern Premier League
Lancaster City,,,Northern Premier League
Leek Town,,,Northern Premier League
Morpeth Town,,,Northern Premier League
Prescot Cables,,,Northern Premier League
Rushall Olympic,,,Northern Premier League
Stocksbridge Park Steels,,,Northern Premier League
Stockton Town,,,Northern Premier League
Warrington Rylands 1906,,,Northern Premier League
Warrington Town,,,Northern Premier League
Whitby Town,,,Northern Premier League
Workington,,,Northern Premier League
Atherton Collieries,,,Northern Premier League
Avro,,,Northern Premier League
Bootle,,,Northern Premier League
Bury,,,Northern Premier League
Chasetown,,,Northern Premier League
Clitheroe,,,Northern Premier League
Congleton Town,,,Northern Premier League
Darlaston Town 1874,,,Northern Premier League
Kidsgrove Athletic,,,Northern Premier League
Lower Breck,,,Northern Premier League
Mossley,,,Northern Premier League
Nantwich Town,,,Northern Premier League
Newcastle Town,,,Northern Premier League
Runcorn Linnets,,,Northern Premier League
Shifnal Town,,,Northern Premier League
Sporting Khalsa,,,Northern Premier League
Stafford Rangers,,,Northern Premier League
Stalybridge Celtic,,,Northern Premier League
Trafford,,,Northern Premier League
Vauxhall Motors,,,Northern Premier League
Witton Albion,,,Northern Premier League
Wythenshawe Town,,,Northern Premier League
Ashington,,,Northern Premier League
Bishop Auckland,,,Northern Premier League
Blyth Spartans,,,Northern Premier League
Blyth Town,,,Northern Premier League
Bradford,,,Northern Premier League
Bridlington Town,,,Northern Premier League
Brighouse Town,,,Northern Premier League
Consett,,,Northern Premier League
Dunston UTS,,,Northern Premier League
Emley,,,Northern Premier League
Garforth Town,,,Northern Premier League
Grimsby Borough,,,Northern Premier League
Hallam,,,Northern Premier League
Heaton Stannington,,,Northern Premier League
Lincoln United,,,Northern Premier League
Matlock Town,,,Northern Premier League
Newton Aycliffe,,,Northern Premier League
North Ferriby,,,Northern Premier League
Ossett United,,,Northern Premier League
Pontefract Collieries,,,Northern Premier League
Redcar Athletic,,,Northern Premier League
Silsden,,,Northern Premier League
AFC Rushden & Diamonds,,,Northern Premier League
Anstey Nomads,,,Northern Premier League
Basford United,,,Northern Premier League
Bedworth United,,,Northern Premier League
Belper Town,,,Northern Premier League
Boldmere St Michaels,,,Northern Premier League
Bourne Town,,,Northern Premier League
Carlton Town,,,Northern Premier League
Coleshill Town,,,Northern Premier League
Corby Town,,,Northern Premier League
Coventry Sphinx,,,Northern Premier League
Lichfield City,,,Northern Premier League
Long Eaton United,,,Northern Premier League
Loughborough Students,,,Northern Premier League
Mickleover,,,Northern Premier League
Racing Club Warwick,,,Northern Premier League
Rugby Borough,,,Northern Premier League
Rugby Town,,,Northern Premier League
Shepshed Dynamo,,,Northern Premier League
St Neots Town,,,Northern Premier League
Sutton Coldfield Town,,,Northern Premier League
Wellingborough Town,,,Northern Premier League
Wigan Athletic,,,Northern Premier League
Bangor City,,,Northern Premier League
Colne Dynamoes,,,Northern Premier League
Leigh RMI,,,Northern Premier League
Hucknall Town,,,Northern Premier League
Burscough,,,Northern Premier League
Eastwood Town,,,Northern Premier League
North Ferriby United,,,Northern Premier League
Darlington 1883,,,Northern Premier League
Farsley Celtic,,,Northern Premier League
Football Conference,,,Northern Premier League
Football Conference National,,,Northern Premier League
Football Conference North,,,Northern Premier League
Frickley Athletic,,,Northern Premier League
Fleetwood,,,Northern Premier League
South Liverpool,,,Northern Premier League
Goole Town,,,Northern Premier League
Winsford United,,,Northern Premier League
Spennymoor United,,,Northern Premier League
King's Lynn,,,Northern Premier League
Rhyl,,,Northern Premier League
Bradford Park Avenue,,,Northern Premier League
Skelmersdale United,,,Northern Premier League
Halesowen Town,,,Northern Premier League
Chatham,,,Southern League
Clapton,,,Southern League
Ilford,,,Southern League
Millwall Athletic,,,Southern League
Reading,,,Southern League
Royal Ordnance Factories,,,Southern League
Swindon Town,,,Southern League
Chesham,,,Southern League
Maidenhead,,,Southern League
New Brompton,,,Southern League
Old St Stephen's,,,Southern League
Sheppey United,,,Southern League
Uxbridge,,,Southern League
Alvechurch,,,Southern League
Banbury United,,,Southern League
Bishop's Stortford,,,Southern League
Bromsgrove Sporting,,,Southern League
Bury Town,,,Southern League
Hitchin Town,,,Southern League
Leiston,,,Southern League
Needham Market,,,Southern League
Real Bedford,,,Southern League
Stamford,,,Southern League
Stourbridge,,,Southern League
Stratford Town,,,Southern League
Worcester City,,,Southern League
Berkhamsted,,,Southern League
Bracknell Town,,,Southern League
Chertsey Town,,,Southern League
Evesham United,,,Southern League
Frome Town,,,Southern League
Gloucester City,,,Southern League
Gosport Borough,,,Southern League
Hanwell Town,,,Southern League
Malvern Town,,,Southern League
Plymouth Parkway,,,Southern League
Poole Town,,,Southern League
Sholing,,,Southern League
Taunton Town,,,Southern League
Wimborne Town,,,Southern League
Yate Town,,,Southern League
Aylesbury United,,,Southern League
Barton Rovers,,,Southern League
Beaconsfield Town,,,Southern League
Biggleswade,,,Southern League
Biggleswade Town,,,Southern League
Didcot Town,,,Southern League
Flackwell Heath,,,Southern League
Hadley,,,Southern League
Hertford Town,,,Southern League
Leverstock Green,,,Southern League
London Lions,,,Southern League
Marlow,,,Southern League
Milton Keynes Irish,,,Southern League
Royston Town,,,Southern League
Stotfold,,,Southern League
Thame United,,,Southern League
Ware,,,Southern League
Welwyn Garden City,,,Southern League
Bideford,,,Southern League
Bishop's Cleeve,,,Southern League
Bristol Manor Farm,,,Southern League
Exmouth Town,,,Southern League
Falmouth Town,,,Southern League
Hartpury,,,Southern League
Hungerford Town,,,Southern League
Larkhall Athletic,,,Southern League
Melksham Town,,,Southern League
Shaftesbury,,,Southern League
Sporting Club Inkberrow,,,Southern League
Swindon Supermarine,,,Southern League
Tiverton Town,,,Southern League
Westbury United,,,Southern League
Willand Rovers,,,Southern League
Southampton St Mary's,,,Southern League
Southampton,,,Southern League
Tottenham Hotspur,,,Southern League
Portsmouth,,,Southern League
Fulham,,,Southern League
Queens Park Rangers,,,Southern League
Northampton Town,,,Southern League
Brighton & Hove Albion,,,Southern League
Plymouth Argyle,,,Southern League
Watford,,,Southern League
Plymouth Argyle Reserves,,,Southern League
Bristol City Reserves,,,Southern League
Peterborough & Fletton United,,,Southern League
Southampton Reserves,,,Southern League
Millwall Reserves,,,Southern League
Brighton & Hove Albion Reserves,,,Southern League
Norwich City Reserves,,,Southern League
Margate,,,Southern League
Ipswich Town,,,Southern League
Guildford City,,,Southern League
Gillingham,,,Southern League
Merthyr Tydfil,,,Southern League
Headington United,,,Southern League
Gravesend & Northfleet,,,Southern League
Hereford United,,,Southern League
Oxford United,,,Southern League
Cambridge City,,,Southern League
Romford,,,Southern League
Cambridge United,,,Southern League
Wimbledon,,,Southern League
Bridgend Town,,,Southern League
Nuneaton Borough,,,Southern League
AP Leamington,,,Southern League
Fisher Athletic,,,Southern League
Farnborough Town,,,Southern League
Bromsgrove Rovers,,,Southern League
Gresley Rovers,,,Southern League
Coalville Town,,,Southern League
Football Conference South,,,Southern League
Bristol City,,,Southern League
Clapton Orient,,,Southern League
Stoke,,,Southern League
Cardiff City,,,Southern League
Charlton Athletic,,,Southern League
Boscombe,,,Southern League
Thames Association,,,Southern League
Trowbridge Town,,,Southern League
Folkestone,,,Southern League
World War 2,,,Southern League
Telford United,,,Southern League
Waterlooville,,,Southern League
VS Rugby,,,Southern League
Sudbury Town,,,Southern League
Hastings Town,,,Southern League
Hillingdon Borough,,,Southern League
Atherstone Town,,,Southern League
Clevedon Town,,,Southern League
Arlesey Town,,,Southern League
Hayes & Yeading United,,,Southern League
London Caledonians,,,Isthmian League
World War I,,,Isthmian League
Leytonstone,,,Isthmian League
St Albans City,,,Isthmian League
Nunhead,,,Isthmian League
Kingstonian,,,Isthmian League
World War II,,,Isthmian League
Walthamstow Avenue,,,Isthmian League
Tooting & Mitcham United,,,Isthmian League
Hendon,,,Isthmian League
Barking,,,Isthmian League
Leytonstone & Ilford,,,Isthmian League
Harrow Borough,,,Isthmian League
Leytonstone/Ilford,,,Isthmian League
Redbridge Forest,,,Isthmian League
Hayes,,,Isthmian League
Canvey Island,,,Isthmian League
Yeading,,,Isthmian League
Whitehawk,,,Isthmian League
Hampton & Richmond B,,,Isthmian League
Stevenage,,,Isthmian League
Anglian Combination,,,All Steps
AEK Boco,,,All England
AS London,,,All England
AFC Aldermaston,,,All England
AFC Blackpool,,,All England
AFC Bournemouth,,,All England
AFC Bridgnorth,,,All England
AFC Croydon Athletic,,,All England
AFC Greenwich Borough,,,All England
AFC Knowsley,,,All England
AFC Liverpool,,,All England
AFC Mansfield,,,All England
AFC Newbiggin,,,All England
AFC North Kilworth,,,All England
A.F.C. Pegasus,,,All England
AFC Portchester,,,All England
AFC St Austell,,,All England
AFC Stoneham,,,All England
AFC Sudbury,,,All England
AFC Sudbury Reserves,,,All England
AFC Varndeanians,,,All England
AFC Walcountians,,,All England
AFC Welwyn,,,All England
AFC Whyteleafe,,,All England
AFC Wolverhampton City,,,All England
Abbey Hey,,,All England
Abbey Hulton United,,,All England
Abbey Rangers,,,All England
Abingdon United,,,All England
Albion Sports,,,All England
Alcester Town,,,All England
Allscott Heath,,,All England
Almondsbury,,,All England
Alnwick Town,,,All England
Alresford Town,,,All England
Alsager Town,,,All England
Alton,,,All England
Amersham Town,,,All England
Amesbury Town,,,All England
Ampthill Town,,,All England
Andover New Street,,,All England
Anstey Town,,,All England
Appleby Frodingham,,,All England
Ardley United,,,All England
Armthorpe Welfare,,,All England
Arsenal,,,All England
Arundel,,,All England
Ascot United,,,All England
Ash United,,,All England
Ashby Ivanhoe,,,All England
Ashford Town,,,All England
Ashford United,,,All England
Ashton Athletic,,,All England
Ashton Town,,,All England
Ashville,,,All England
Aston Villa,,,All England
Athersley Recreation,,,All England
Atherton Laburnum Rovers,,,All England
Athletic Newham,,,All England
Aveley,,,All England
Avonmouth,,,All England
Axminster Town,,,All England
Aylesbury Vale Dynamos,,,All England
Aylestone Park,,,All England
Bacup Borough,,,All England
Badshot Lea,,,All England
Baffins Milton Rovers,,,All England
Baldock Town,,,All England
Balham,,,All England
Banstead Athletic,,,All England
Barnoldswick Town,,,All England
Barnsley,,,All England
Barnstaple Town,,,All England
Barnton,,,All England
Barton Town,,,All England
Barwell,,,All England
Bashley,,,All England
Basildon Town,,,All England
Basildon United,,,All England
Bearsted,,,All England
Beckenham Town,,,All England
Bedfont,,,All England
Bedfont Sports,,,All England
Belper United,,,All England
Belstone,,,All England
Bemerton Heath Harlequins,,,All England
Benfleet,,,All England
Berks County,,,All England
Beverley Town,,,All England
Bewdley Town,,,All England
Bexhill United,,,All England
Biggleswade United,,,All England
Billingham Synthonia,,,All England
Billingham Town,,,All England
Billingshurst,,,All England
Bilston Town,,,All England
Binfield,,,All England
Birmingham City,,,All England
Birmingham OJM,,,All England
Birstall United,,,All England
Birtley Town,,,All England
Bishops Lydeard,,,All England
Bitton,,,All England
Blackburn Rovers,,,All England
Blackpool,,,All England
Blackstones,,,All England
Blandford United,,,All England
Boldmere Rangers,,,All England
Boldmere St. Michaels,,,All England
Boldon Community Association,,,All England
Bolton Wanderers,,,All England
Boston Town,,,All England
Bottesford Town,,,All England
Bournemouth,,,All England
Bovey Tracey,,,All England
Bovingdon,,,All England
Bowers & Pitsea,,,All England
Bradford City,,,All England
Bradford Town,,,All England
Brantham Athletic,,,All England
Brentford,,,All England
Brentwood Town,,,All England
Brereton Social,,,All England
Bridgwater Town,,,All England
Bridport,,,All England
Brigg Town,,,All England
Brightlingsea Regent,,,All England
Brimscombe & Thrupp,,,All England
Brimsdown,,,All England
Brislington,,,All England
Bristol Telephones,,,All England
Brixham,,,All England
Broadbridge Heath,,,All England
Broadfields United,,,All England
Brockenhurst,,,All England
Brocton,,,All England
Bromyard Town,,,All England
Brook House,,,All England
Buckhurst Hill,,,All England
Buckingham,,,All England
Buckland Athletic,,,All England
Bude Town,,,All England
Bugbrooke St Michaels,,,All England
Burgess Hill Town,,,All England
Burnham,,,All England
Burnham Ramblers,,,All England
Burnley,,,All England
Bustleholme,,,All England
Burton Park Wanderers,,,All England
Cadbury Heath,,,All England
Callington Town,,,All England
Calne Town,,,All England
Camberley Town,,,All England
Camelford,,,All England
Cammell Laird 1907,,,All England
Campion,,,All England
Cannons Wood,,,All England
Carlisle City,,,All England
Carshalton Athletic,,,All England
Carterton,,,All England
Chadderton,,,All England
Charnock Richard,,,All England
Chatham Town,,,All England
Cheadle Heath Nomads,,,All England
Cheadle Town,,,All England
Chelmsley Town,,,All England
Chelsea,,,All England
Cheltenham Saracens,,,All England
Cheshunt,,,All England
Chester-le-Street Town,,,All England
Chichester City,,,All England
Chipping Sodbury Town,,,All England
Chipstead,,,All England
Chiselhurst Glebe,,,All England
Christchurch,,,All England
Cinderford Town,,,All England
Cirencester Town,,,All England
Clacton Town,,,All England
Clanfield,,,All England
Clapton Community,,,All England
Clay Cross Town,,,All England
Clifton All Whites,,,All England
Clipstone,,,All England
Club Thorne Colliery,,,All England
Cobham,,,All England
Cockfosters,,,All England
Coggeshall Town,,,All England
Colden Common,,,All England
Colliers Wood United,,,All England
Colne,,,All England
Colney Heath,,,All England
Concord Rangers,,,All England
Corinthian,,,All England
Corinthian-Casuals,,,All England
Cornard United,,,All England
Corsham Town,,,All England
Cotgrave,,,All England
Coton Green,,,All England
Cove,,,All England
Coventry City,,,All England
Coventry Copsewood,,,All England
Coventry United,,,All England
Cowes Sports,,,All England
Cradley Town,,,All England
Cranfield United,,,All England
Crawley Down Gatwick,,,All England
Crawley Green,,,All England
Cray Valley Paper Mills,,,All England
Cray Wanderers,,,All England
Crediton United,,,All England
Crewe,,,All England
Crewe Alexandra,,,All England
Cribbs,,,All England
Crook Town,,,All England
Crowborough Athletic,,,All England
Crowle Colts,,,All England
Croydon,,,All England
Crystal Palace,,,All England
Cullompton Rangers,,,All England
Daisy Hill,,,All England
Darlaston Town,,,All England
Darlington Town,,,All England
Darwen,,,All England
Daventry Town,,,All England
Dawley Town,,,All England
Deal Town,,,All England
Dearne & District,,,All England
Deeping Rangers,,,All England
Derby County,,,All England
Dereham Town,,,All England
Desborough Town,,,All England
Devizes Town,,,All England
Dial Square,,,All England
Diss Town,,,All England
Dobwalls,,,All England
Doncaster City,,,All England
Doncaster Rovers,,,All England
"Dorking Wanderers ""B""",,,All England
Downham Town,,,All England
Downton,,,All England
Droitwich Spa,,,All England
Dronfield Town,,,All England
Dudley Town,,,All England
Dunkirk,,,All England
Dunmow Town,,,All England
Dunstable,,,All England
Durham United,,,All England
Dussindale & Hellesdon Rovers,,,All England
Easington Colliery,,,All England
Easington Sports,,,All England
East Cowes Victoria Athletic,,,All England
East Grinstead Town,,,All England
East Preston,,,All England
East Thurrock Community,,,All England
Eastbourne Town,,,All England
Eastbourne United,,,All England
Eastwood,,,All England
Eaton Socon,,,All England
Eccleshall,,,All England
Edgware & Kingsbury,,,All England
Egham Town,,,All England
Elburton Villa,,,All England
Ely City,,,All England
Enfield Borough,,,All England
Epsom & Ewell,,,All England
Erith & Belvedere,,,All England
Erith Town,,,All England
Esh Winning,,,All England
Euxton Villa,,,All England
Everett Rovers,,,All England
Eversley & California,,,All England
Everton,,,All England
Eynesbury Rovers,,,All England
FC Baresi,,,All England
FC Elmstead,,,All England
FC Deportivo Galicia,,,All England
FC Hartlepool,,,All England
FC Isle of Man,,,All England
FC Parson Drove,,,All England
FC Peterborough,,,All England
FC St Helens,,,All England
FC Stratford,,,All England
FCV Grace Dieu,,,All England
Fairford Town,,,All England
Fakenham Town,,,All England
Falmouth Town Reserves,,,All England
Fareham Town,,,All England
Faversham Strike Force,,,All England
Faversham Town,,,All England
Fawley,,,All England
Felixstowe & Walton United,,,All England
Field Olympic,,,All England
Fisher,,,All England
Fleet Town,,,All England
Fleetlands,,,All England
Flixton,,,All England
Foley Meir,,,All England
Folland Sports,,,All England
Forest Row,,,All England
Framlingham Town,,,All England
Frenford,,,All England
Frimley Green,,,All England
Fulwood Amateurs,,,All England
GNG Oadby Town,,,All England
Garstang,,,All England
Gedling Miners Welfare,,,All England
Glossop North End,,,All England
Godalming Town,,,All England
Godmanchester Rovers,,,All England
Golcar United,,,All England
Goole,,,All England
Gorleston,,,All England
Gorleston Reserves,,,All England
Gornal Athletic,,,All England
Grangetown Boys Club,,,All England
Grantham Town,,,All England
Great Wakering Rovers,,,All England
Great Yarmouth Town,,,All England
Greenways,,,All England
Grimsby Town,,,All England
Guernsey,,,All England
Guisborough Town,,,All England
Hackney Wick,,,All England
Hadleigh United,,,All England
Hailsham Town,,,All England
Halesworth Town,,,All England
Halewood Apollo,,,All England
Hallen,,,All England
Halls Athletic,,,All England
Halstead Town,,,All England
Hamble Club,,,All England
Hamworthy Recreation,,,All England
Hamworthy United,,,All England
Handsworth,,,All England
Hanley Town,,,All England
Hanworth Villa,,,All England
Harefield United,,,All England
Haringey Borough,,,All England
Harleston Town,,,All England
Harlow Town,,,All England
Harpenden Town,,,All England
Harrogate Railway Athletic,,,All England
Harrogate Town,,,All England
Harrowby United,,,All England
Hartley Wintney,,,All England
Harwich & Parkeston,,,All England
Hashtag United,,,All England
Hassocks,,,All England
Hastings United,,,All England
Haverhill Rovers,,,All England
Hayle,,,All England
Haywards Heath Town,,,All England
Heacham,,,All England
Heanor Town,,,All England
Heather St John's,,,All England
Hedge End Rangers,,,All England
Helston Athletic,,,All England
Hemsworth Miners Welfare,,,All England
Hereford Pegasus,,,All England
Herne Bay,,,All England
Hertford Heath,,,All England
Heybridge Swifts,,,All England
Highgate United,,,All England
Highworth Town,,,All England
Hilltop,,,All England
Hinckley A,,,All England
Hoddesdon Town,,,All England
Holbeach United,,,All England
Holker Old Boys,,,All England
Holland,,,All England
Hollands & Blair,,,All England
Holmer Green,,,All England
Holsworthy,,,All England
Holwell Sports,,,All England
Holyport,,,All England
Honiton Town,,,All England
Horbury Town,,,All England
Horden Community Welfare,,,All England
Horley Town,,,All England
Horndean,,,All England
Horsham YM,,,All England
Huddersfield Town,,,All England
Hull City,,,All England
Hullbridge Sports,,,All England
Huntingdon Town,,,All England
Hutton,,,All England
Hythe & Dibden,,,All England
Hythe Town,,,All England
Ilfracombe Town,,,All England
Ilkley Town,,,All England
Ilminster Town,,,All England
Immingham Town,,,All England
Infinity,,,All England
Ingles,,,All England
Ipswich Wanderers,,,All England
Irchester United,,,All England
Irlam,,,All England
Ivybridge Town,,,All England
Jarrow,,,All England
Jarvis Brook,,,All England
Jersey Bulls,,,All England
Keighley Town,,,All England
Kempston Rovers,,,All England
Kendal Town,,,All England
Kennington,,,All England
Keynsham Town,,,All England
Kidlington,,,All England
Kimberley Miners Welfare,,,All England
Kings Langley,,,All England
Kinsley Boys,,,All England
Kintbury Rangers,,,All England
Kirby Muxloe,,,All England
Kirkley & Pakefield,,,All England
Knaphill,,,All England
Knaresborough Town,,,All England
Knowle,,,All England
Lakenheath,,,All England
Lancing,,,All England
Langford,,,All England
Langley,,,All England
Larkfield & New Hythe Wanderers,,,All England
Launceston,,,All England
Laverstock & Ford,,,All England
Leatherhead,,,All England
Leeds UFCA,,,All England
Leeds United,,,All England
Leicester City,,,All England
Leicester Nirvana,,,All England
Leicester St. Andrews,,,All England
Leighton Town Reserves,,,All England
Leighton Town,,,All England
Letchworth Garden City Eagles,,,All England
Lewisham Borough,,,All England
Lingfield,,,All England
Liskeard Athletic,,,All England
Litherland REMYCA,,,All England
Little Common,,,All England
Little Oakley,,,All England
Littlehampton Town,,,All England
Liverpool,,,All England
Liversedge,,,All England
London Fennecs,,,All England
London Harts United,,,All England
London Samurai Rovers,,,All England
Long Buckby,,,All England
Long Melford,,,All England
Longlevens,,,All England
Longridge Town,,,All England
Longwell Green Sports,,,All England
Lordswood,,,All England
Louth Town,,,All England
Lowestoft Town,,,All England
Loxwood,,,All England
Ludlow,,,All England
Lutterworth Athletic,,,All England
Lutterworth Town,,,All England
Lydd Town,,,All England
Lydney Town,,,All England
Lye Town,,,All England
Lymington Town,,,All England
Lymore Gardens,,,All England
MSB Woolton,,,All England
Maccabi London Lions,,,All England
Maghull,,,All England
Maidenhead Town,,,All England
Maine Road,,,All England
Maldon & Tiptree,,,All England
Malmesbury Victoria,,,All England
Maltby Main,,,All England
Manchester City,,,All England
Manchester United,,,All England
Mangotsfield United,,,All England
Marcelona,,,All England
March Town United,,,All England
Market Drayton Town,,,All England
Marske United,,,All England
May & Baker,,,All England
Mendip Broadwalk,,,All England
Merstham,,,All England
Metropolitan Police,,,All England
Middlesbrough,,,All England
Middlezoy Rovers,,,All England
Midhurst & Easebourne,,,All England
Mildenhall Town,,,All England
Mile Oak,,,All England
Millbrook,,,All England
Millwall,,,All England
Milton Keynes,,,All England
Minster,,,All England
Molesey,,,All England
Moneyfields,,,All England
Moulton,,,All England
Mousehole,,,All England
Mulbarton Wanderers,,,All England
NW London,,,All England
Nailsea United,,,All England
Needham Market Reserves,,,All England
Nelson,,,All England
Netherton United,,,All England
New Bradwell St Peter,,,All England
New Mills,,,All England
New Milton Town,,,All England
Newark Town,,,All England
Newcastle Benfield,,,All England
Newcastle Blue Star,,,All England
Newcastle United,,,All England
Newcastle University,,,All England
Newent Town,,,All England
Newhaven,,,All England
Newmarket Town,,,All England
Newmarket Town Reserves,,,All England
Newport,,,All England
Newport Pagnell Town,,,All England
Newquay,,,All England
Newton Abbot Spurs,,,All England
North Greenford United,,,All England
North Leigh,,,All England
North Shields,,,All England
Northallerton Town,,,All England
Northampton ON Chenecks,,,All England
Northampton Sileby Rangers,,,All England
Northfield Town,,,All England
Northwood,,,All England
Norwich City,,,All England
Norwich United,,,All England
Nottingham Forest,,,All England
Nuneaton Town,,,All England
Oakwood,,,All England
Odd Down,,,All England
Okehampton Argyle,,,All England
Oldland Abbotonians,,,All England
Oxhey Jets,,,All England
PFC Victoria London,,,All England
Padiham,,,All England
Pagham,,,All England
Park View,,,All England
Parkgate,,,All England
Paulton Rovers,,,All England
Peacehaven & Telscombe,,,All England
Penistone Church,,,All England
Penn & Tylers Green,,,All England
Penrith,,,All England
Penzance,,,All England
Pershore Town,,,All England
Peterborough United,,,All England
Petersfield Town,,,All England
Petts Wood & Holmesdale,,,All England
Phoenix Sports,,,All England
Pickering Town,,,All England
Pinchbeck United,,,All England
Pinxton,,,All England
Port Vale,,,All England
Portishead Town,,,All England
Portland United,,,All England
Potters Bar Town,,,All England
Potton United,,,All England
Preston North End,,,All England
Prestwich Heys,,,All England
Prudhoe Youth Club,,,All England
Punjab United,,,All England
Quorn,,,All England
Radford,,,All England
Radstock Town,,,All England
Ramsbottom United,,,All England
Ramsgate,,,All England
Rayleigh Town,,,All England
Rayners Lane,,,All England
Raynes Park Vale,,,All England
Reading City,,,All England
Redcar Town,,,All England
Redditch Borough,,,All England
Redhill,,,All England
Reigate Priory,,,All England
Retford,,,All England
Retford United,,,All England
Ringmer,,,All England
Ringwood Town,,,All England
Risborough Rangers,,,All England
Rising Ballers Kensington,,,All England
Rochester United,,,All England
Roffey,,,All England
Roman Glass St George,,,All England
Romsey Town,,,All England
Romulus,,,All England
Rossington Main,,,All England
Rotherham United,,,All England
Rothwell Corinthians,,,All England
Route One Rovers,,,All England
Royal Wootton Bassett Town,,,All England
Royston Town Reserves,,,All England
Runcorn Town,,,All England
Rushden & Higham United,,,All England
Rusthall,,,All England
Ryton & Crawcrook Albion,,,All England
SE Dons,,,All England
Saffron Dynamo,,,All England
Saffron Walden Town,,,All England
Saltash United,,,All England
Saltdean United,,,All England
Sandbach United,,,All England
Sandhurst Town,,,All England
Sandiacre Town,,,All England
Sawbridgeworth Town,,,All England
Seaford Town,,,All England
Seaham Red Star,,,All England
Seaton Carew,,,All England
Selby Town,,,All England
Selsey,,,All England
Selston,,,All England
Sevenoaks Town,,,All England
Sharpness,,,All England
Shawbury United,,,All England
Sheerwater,,,All England
Sheffield,,,All England
Sheffield United,,,All England
Sheffield Wednesday,,,All England
Sheppey Sports,,,All England
Shepton Mallet,,,All England
Sherborne Town,,,All England
Sherwood Colliery,,,All England
Shildon,,,All England
Shirebrook Town,,,All England
Shirehampton,,,All England
Shoreham,,,All England
Shortwood United,,,All England
Shrewsbury Town,,,All England
Sidmouth Town,,,All England
Sittingbourne,,,All England
Skegness Town,,,All England
Sleaford Town,,,All England
Slimbridge,,,All England
Snodland Town,,,All England
Soham Town Rangers,,,All England
Soul Tower Hamlets,,,All England
South Leeds,,,All England
South Normanton Athletic,,,All England
South Park,,,All England
Southall,,,All England
Southend Manor,,,All England
Southwell City,,,All England
Spartans Youth,,,All England
Spelthorne Sports,,,All England
Sport London e Benfica,,,All England
Sporting Bengal United,,,All England
Sporting Club Thamesmead,,,All England
Squires Gate,,,All England
St Blazey,,,All England
St Ives Town,,,All England
St Mawgan,,,All England
Stafford Town,,,All England
Staines & Lammas,,,All England
Stansfeld,,,All England
Stansted,,,All England
Stanway Rovers,,,All England
Stapenhill,,,All England
Stapleford Town,,,All England
Staplehurst Monarchs,,,All England
Staveley Miners Welfare,,,All England
Steeton,,,All England
Steyning Town,,,All England
Sticker,,,All England
Stockport Georgians,,,All England
Stoke City,,,All England
Stoke Gabriel & Torbay Police,,,All England
Stokesley Sports Club,,,All England
Stone Old Alleynians,,,All England
Stonehouse Town,,,All England
Stotfold Reserves,,,All England
Stourport Swifts,,,All England
Stowmarket Town,,,All England
Street,,,All England
Studley,,,All England
Sturminster Newton United,,,All England
Sunderland,,,All England
Sunderland Ryhope CA,,,All England
Sunderland West End,,,All England
Sutton Athletic,,,All England
Sutton Common Rovers,,,All England
Swallownest,,,All England
Swansea City,,,All England
Swindon Supermarine Reserves,,,All England
Tadcaster Albion,,,All England
Tadley Calleva,,,All England
Takeley,,,All England
Tavistock,,,All England
Teignmouth,,,All England
Telford Town,,,All England
Thackley,,,All England
Thatcham Town,,,All England
Thetford Town,,,All England
Thornaby,,,All England
Thornbury Town,,,All England
Thornton Cleveleys,,,All England
Three Bridges,,,All England
Tilbury,,,All England
Tividale,,,All England
Tooting Bec,,,All England
Torpoint Athletic,,,All England
Torridgeside,,,All England
Torrington,,,All England
Totton & Eling,,,All England
Tow Law Town,,,All England
Tring Athletic,,,All England
Tuffley Rovers,,,All England
Tunbridge Wells,,,All England
University of Exeter,,,All England
Uppermill,,,All England
Uttoxeter Town,,,All England
Virginia Water,,,All England
Wadebridge Town,,,All England
Wakefield,,,All England
Wallingford & Crowmarsh,,,All England
Walsall,,,All England
Walsham-le-Willows,,,All England
Waltham Abbey,,,All England
Walthamstow,,,All England
Wantage Town,,,All England
Warminster Town,,,All England
Wednesfield,,,All England
Welling Town,,,All England
Wellingborough Whitworth,,,All England
Wellington,,,All England
Wells City,,,All England
Welton Rovers,,,All England
Wembley,,,All England
Wendron United,,,All England
West Auckland Town,,,All England
West Bridgford,,,All England
West Bromwich Albion,,,All England
West Didsbury & Chorlton,,,All England
West Essex,,,All England
West Ham United,,,All England
Westfield,,,All England
Westfield (Surrey) Reserves,,,All England
Westfields,,,All England
Westside,,,All England
Whickham,,,All England
Whitchurch Alport,,,All England
Whitchurch United,,,All England
White Ensign,,,All England
Whitley Bay,,,All England
Whitstable Town,,,All England
Whittlesey Athletic,,,All England
Wick,,,All England
Widnes Town,,,All England
Wincanton Town,,,All England
Winchester City,,,All England
Windsor & Eton,,,All England
Wingate & Finchley,,,All England
Wilslow United,,,All England
Winterton Rangers,,,All England
Wisbech Town,,,All England
Witham Town,,,All England
Wivenhoe Town,,,All England
Wokingham Town,,,All England
Wolverhampton Casuals,,,All England
Wolverhampton Wanderers,,,All England
Wombwell Town,,,All England
Woodbridge Town,,,All England
Woodford Town 2017,,,All England
Woodford United,,,All England
Woodley United,,,All England
Worcester Raiders,,,All England
Wormley Rovers,,,All England
Worsbrough Bridge Athletic,,,All England
Worthing United,,,All England
Wroxham,,,All England
Wroxham Reserves,,,All England
Wythenshawe,,,All England
Yarm & Eaglescliffe,,,All England
Yateley United,,,All England
Yaxley,,,All England
Eccleshill United,,,NC East League
Glasshoughton Welfare,,,NC East League
Leeds UCFA,,,NC East League
Nostell Miners Welfare,,,NC East League
Shepshed Charterhouse,,,NC East League
Arnold,,,NC East League
Hatfield Main,,,NC East League
Denaby United,,,NC East League
Ossett Albion,,,NC East League
Mickleover Sports,,,NC East League
Farsley,,,NC East League
Shaw Lane Aquaforce,,,NC East League
coronavirus pandemic,,,NC East League
local lockdown regulations,,,NC East League
Ossett Town,,,NC East League
Glapwell,,,NC East League
Rainworth Miners Welfare,,,NC East League
Sutton Town,,,NC East League
York Railway Institute,,,NC East League
Ashfield United,,,NC East League
Dinnington Town,,,NC East League
Handsworth Parramore,,,NC East League
Maltby Miners Welfare,,,NC East League
Arnold Town,,,NC East League
Nostell,,,NC East League
Knowsley,,,NW Counties League
Halewood,,,NW Counties League
Wednesfield Community,,,NW Counties League
Widnes,,,NW Counties League
Radcliffe Borough,,,NW Counties League
Rossendale United,,,NW Counties League
Knowsley United,,,NW Counties League
Vauxhall GM,,,NW Counties League
Cammell Laird,,,NW Counties League
Norton United,,,NW Counties League
City of Liverpool,,,NW Counties League
lockdown regulations,,,NW Counties League
Ellesmere Port & Neston,,,NW Counties League
Colwyn Bay,,,NW Counties League
Formby,,,NW Counties League
F.C. United of Manchester,,,NW Counties League
COVID-19 pandemic in England,,,NW Counties League
A.F.C. Liverpool,,,NW Counties League
Cammell Laird/Cammell Laird 1907,,,NW Counties League
Leyland Motors,,,NW Counties League
St Helens Town,,,NW Counties League
Northwich,,,Midland League
Kings Norton,,,Midland League
A.F.C. Bridgnorth,,,Midland League
Allexton & New Park,,,Midland League
Leicester St Andrews,,,Midland League
Nuneaton Griff,,,Midland League
Paget Rangers,,,Midland League
Smethwick Rangers,,,Midland League
Solihull,,,Midland League
Birmingham United,,,Midland League
Bolehall Swifts,,,Midland League
Cadbury Athletic,,,Midland League
Warwick,,,Midland League
Coventry,,,Midland League
Coventry Alvis,,,Midland League
Earlswood Town,,,Midland League
Fairfield Villa,,,Midland League
Inkberrow,,,Midland League
Littleton,,,Midland League
Halesowen,,,Midland League
Balsall Common,,,Midland League
Smethwick,,,Midland League
Boldmere,,,Midland League
Castle Vale Town,,,Midland League
Continental Star,,,Midland League
Feckenham,,,Midland League
Brierley Hill,,,Midland League
Kenilworth,,,Midland League
Stoke Prior,,,Midland League
Shirley,,,Midland League
COVID-19 lockdowns,,,Midland League
Walsall Wood,,,Midland League
Hinckley,,,Midland League
AFC Wulfrunians,,,Midland League
Melton Town,,,United Counties
Newark and Sherwood United,,,United Counties
Northampton Old Nothamptonian Chenecks,,,United Counties
Irthlingborough Diamonds,,,United Counties
Buckingham Town,,,United Counties
Northampton Spencer,,,United Counties
Rothwell Town,,,United Counties
Raunds Town,,,United Counties
Ford Sports Daventry,,,United Counties
Cogenhoe United,,,United Counties
Stewarts & Lloyds Corby,,,United Counties
St. Neots Town,,,United Counties
AFC Kempston Rovers,,,United Counties
Hallen A,,,Hellenic League
Hartpury University,,,Hellenic League
Longlevens A,,,Hellenic League
Clanfield 85,,,Hellenic League
Witney Town,,,Hellenic League
Abingdon Town,,,Hellenic League
Bicester Town,,,Hellenic League
Yiewsley,,,Hellenic League
Hazells,,,Hellenic League
Wallingford Town,,,Hellenic League
Moreton Town,,,Hellenic League
Chipping Norton Town,,,Hellenic League
Newbury Town,,,Hellenic League
Almondsbury Greenway,,,Hellenic League
Milton United,,,Hellenic League
Almondsbury Town,,,Hellenic League
Oxford City Nomads,,,Hellenic League
Gloucester United,,,Hellenic League
Marlow United,,,Hellenic League
North Leigh United,,,Hellenic League
A.F.C. St Austell,,,Western League
Bridgwater United,,,Western League
Cheddar,,,Western League
Gillingham Town,,,Western League
Hengrove Athletic,,,Western League
Warmley,,,Western League
Hereford Thistle,,,Western League
Treharris,,,Western League
Bristol Rovers Reserves,,,Western League
Cardiff City Reserves,,,Western League
Douglas,,,Western League
Yeovil & Petters United,,,Western League
Lovell's Athletic,,,Western League
Exeter City Reserves,,,Western League
Glastonbury,,,Western League
Weymouth Reserves,,,Western League
Yeovil Town Reserves,,,Western League
Torquay United Reserves,,,Western League
Bristol City 'A',,,Western League
Taunton,,,Western League
Team Bath,,,Western League
Bishop Sutton,,,Western League
Havant Town,,,Wessex League
Lymington & New Milton,,,Wessex League
Andover,,,Wessex League
A.F.C. Totton,,,Wessex League
Blackfield & Langley,,,Wessex League
lockdown restrictions,,,Wessex League
Crittall Athletic,,,Eastern Counties
Colchester United Reserves,,,Eastern Counties
Chelmsford City Reserves,,,Eastern Counties
Tottenham Hotspur 'A',,,Eastern Counties
Gillingham Reserves,,,Eastern Counties
Arsenal 'A',,,Eastern Counties
Peterborough United Reserves,,,Eastern Counties
Tiptree United,,,Eastern Counties
Pegasus Athletic,,,Essex Senior
Southend United 'A',,,Essex Senior
Bowers United,,,Essex Senior
Maldon Town,,,Essex Senior
Purfleet,,,Essex Senior
Brightlingsea United,,,Essex Senior
Ford United,,,Essex Senior
Brentwood,,,Essex Senior
Leyton,,,Essex Senior
A.F.C. Hornchurch,,,Essex Senior
Enfield 1893,,,Essex Senior
pandemic-related lockdowns,,,Essex Senior
Colchester United 'A',,,Essex Senior
East Thurrock United,,,Essex Senior
AFC Hornchurch,,,Essex Senior
Eton Manor,,,Essex Senior
Barkingside,,,Essex Senior
Bethnal Green United,,,Essex Senior
Brett Sports,,,SC East
Medway,,,SC East
Crockenhill,,,SC East
Alma Swanley,,,SC East
Greenwich Borough,,,SC East
Tonbridge A,,,SC East
Furness,,,SC East
Maidstone United R,,,SC East
Whitstable Town R,,,SC East
Folkestone Invicta R,,,SC East
Chatham Town R,,,SC East
Thamesmead Town,,,SC East
Dover Athletic R,,,SC East
VCD Athletic,,,SC East
Holmesdale R,,,SC East
Erith Town R,,,SC East
Faversham Town R,,,SC East
Phoenix Sports R,,,SC East
Whyteleafe,,,SC East
British Aerospace,,,Combined Counties
Guildford & Worplesdon,,,Combined Counties
Malden Town,,,Combined Counties
Malden Vale,,,Combined Counties
Peppard,,,Combined Counties
AFC Wallingford,,,Combined Counties
Walton Casuals,,,Combined Counties
Bedfont Green,,,Combined Counties
Brache Sparta,,,Spartan SM
Beaconsfield SYCOB,,,Spartan SM
London Colney,,,Spartan SM
Dunstable Town,,,Spartan SM
Edgware Town,,,Spartan SM
Aylesbury,,,Spartan SM
Chalfont St. Peter,,,Spartan SM
AFC Dunstable,,,Spartan SM
local lockdowns,,,Spartan SM
New Salamis,,,Spartan SM
Boro Rangers,,,Northern League
Horden CW,,,Northern League
West Allotment Celtic,,,Northern League
A.F.C. Newbiggin,,,Northern League
Boldon CA,,,Northern League
Sunderland RCA,,,Northern League
Darlington St. Augustine's,,,Northern League
Middlesbrough Ironopolis,,,Northern League
Stockton,,,Northern League
Newcastle United A,,,Northern League
Sunderland A,,,Northern League
South Bank,,,Northern League
Eston United,,,Northern League
Esh Winning Rangers,,,Northern League
Willington,,,Northern League
Chilton Colliery Recreation,,,Northern League
Ferryhill Athletic,,,Northern League
Stanley United,,,Northern League
Evenwood Town,,,Northern League
Gretna,,,Northern League
Durham City,,,Northern League
Bedlington Terriers,,,Northern League
Brandon United,,,Northern League
Dunston Federation Brewery,,,Northern League
Cockfield,,,Northern League
Whitby United,,,Northern League
Crook Colliery Welfare,,,Northern League
Norton & Stockton Ancients,,,Northern League
Horden Colliery Welfare,,,Northern League
Blue Star,,,Northern League
Dunston Fed Brewery,,,Northern League
Team Northumbria,,,Northern League
Acle,,,Anglian Combination
Aylsham,,,Anglian Combination
Beccles Town,,,Anglian Combination
Blofield,,,Anglian Combination
Bungay Town,,,Anglian Combination
Castle Acre,,,Anglian Combination
Mattishall,,,Anglian Combination
Holt,,,Anglian Combination
Long Stratton,,,Anglian Combination
Norton Subcourse,,,Anglian Combination
Norwich CEYMS,,,Anglian Combination
Scole,,,Anglian Combination
Norwich,,,Anglian Combination
Thetford,,,Anglian Combination
Watton United,,,Anglian Combination
Attleborough,,,Anglian Combination
Beccles Caxton,,,Anglian Combination
Brandon,,,Anglian Combination
Caister-on-Sea,,,Anglian Combination
Dersingham,,,Anglian Combination
Loddon,,,Anglian Combination
North Walsham,,,Anglian Combination
Swaffham Town,,,Anglian Combination
Tacolneston,,,Anglian Combination
Runcton Holme,,,Anglian Combination
Lowestoft,,,Anglian Combination
Wells-next-the-Sea,,,Anglian Combination
Yelverton,,,Anglian Combination
Beccles,,,Anglian Combination
East Harling,,,Anglian Combination
Feltwell,,,Anglian Combination
Hempnall,,,Anglian Combination
Horsford,,,Anglian Combination
Marshland St James,,,Anglian Combination
Martham,,,Anglian Combination
Mundford,,,Anglian Combination
Stalham,,,Anglian Combination
Lingwood,,,Anglian Combination
Wiggenhall St Germans,,,Anglian Combination
Bradenham,,,Anglian Combination
Briston,,,Anglian Combination
Gayton,,,Anglian Combination
Terrington St Clement,,,Anglian Combination
Bradwell,,,Anglian Combination
Belton,,,Anglian Combination
Corton,,,Anglian Combination
Earsham,,,Anglian Combination
Thorpe,,,Anglian Combination
Hethersett,,,Anglian Combination
Wymondham Town,,,Anglian Combination
Ingoldisthorpe,,,Anglian Combination
Knapton,,,Anglian Combination
North Elmham,,,Anglian Combination
East Runton,,,Anglian Combination
North Wootton,,,Anglian Combination
Flegg High School,,,Anglian Combination
Southwold,,,Anglian Combination
Sheringham,,,Anglian Combination
Shepshed Charterhouse reserves,,,Central Midlands
Hinckley Town,,,Central Midlands
Harworth Colliery Institute,,,Central Midlands
Boston,,,Central Midlands
Oakham United,,,Central Midlands
Gedling Town,,,Central Midlands
Lincoln Moorlands,,,Central Midlands
Barton Town Old Boys,,,Central Midlands
Askern Welfare,,,Central Midlands
Radcliffe Olympic,,,Central Midlands
Sheffield Parramore,,,Central Midlands
Westella & Willerby,,,Central Midlands
Mickleover Royals,,,Central Midlands
F.C. Bolsover,,,Central Midlands
Harworth Colliery,,,Central Midlands
Dearne and District,,,Central Midlands
Yorkshire Main,,,Central Midlands
Hucknall Rolls Leisure,,,Central Midlands
Linby Colliery Welfare,,,Central Midlands
Mickleover Royal British Legion,,,Central Midlands
Rylands,,,Cheshire League
Garswood United,,,Cheshire League
Knutsford,,,Cheshire League
Middlewich Town,,,Cheshire League
Linotype & Cheadle Heath Nomads,,,Cheshire League
COVID-19 pandemic in the United Kingdom,,,Cheshire League
F.C. St Helens,,,Cheshire League
Parley Sports,,,Dorset Premier
Westland Sports,,,Dorset Premier
Shaftesbury Town,,,Dorset Premier
Sawbridgeworth,,,Essex Olympian
Dunmow,,,Essex Olympian
Frenford Senior,,,Essex Olympian
Canning Town,,,Essex Olympian
May & Baker Club,,,Essex Olympian
Catholic United,,,Essex Olympian
Team Solent,,,Hampshire Premier
Locks Heath,,,Hampshire Premier
Bush Hill,,,Hampshire Premier
Paulsgrove,,,Hampshire Premier
Bexley,,,Kent County
Gravesend United,,,Kent County
Slade Green Athletic,,,Kent County
Stansfeld O&BC,,,Kent County
Aylesford Paper Mills,,,Kent County
Sevenoaks,,,Kent County
Dover United,,,Kent County
Ashford,,,Kent County
Dover,,,Kent County
Thanet United,,,Kent County
University of Kent,,,Kent County
Teynham & Lynsted,,,Kent County
Snodland,,,Kent County
Orpington,,,Kent County
Norton Sports,,,Kent County
Metrogas,,,Kent County
Staplehurst Monarchs United,,,Kent County
Lydd,,,Kent County
Bly Spartans,,,Kent County
Canterbury City,,,Kent County
Castleton Gabriels,,,Manchester League
Wythenshawe Amateurs,,,Manchester League
Woodley Sports,,,Manchester League
Stand Athletic,,,Manchester League
Wigan Robin Park,,,Manchester League
Crawley Down,,,Mid-Sussex
Old Varndeanians,,,Mid-Sussex
Uckfield Town,,,Mid-Sussex
Copthorne,,,Mid-Sussex
Cuckfield Town,,,Mid-Sussex
Sidley United,,,Mid-Sussex
A.F.C. Varndeanians,,,Mid-Sussex
Ringmer A.,,,Mid-Sussex
Copthorne II,,,Mid-Sussex
Copthorne IV,,,Mid-Sussex
Foley,,,Staffordshire
Leek CSOB,,,Staffordshire
Leek County School Old Boys,,,Staffordshire
Stone Dominoes,,,Staffordshire
Eastwood Hanley,,,Staffordshire
Eversley,,,Surrey Elite
Epsom Athletic,,,Surrey Elite
Yateley Green,,,Surrey Elite
Worcester Park,,,Surrey Elite
Coulsdon United,,,Surrey Elite
Farleigh Rovers,,,Surrey Elite
Staines Lammas,,,Surrey Elite
Coppull Central,,,West Lancashire
Great Harwood,,,West Lancashire
Leyland,,,West Lancashire
Horwich RMI,,,West Lancashire
ICI Thornton,,,West Lancashire
Blackpool Wren Rovers,,,West Lancashire
Blackpool Mechanics,,,West Lancashire
Kirkham & Wesham,,,West Lancashire
AFC Darwen,,,West Lancashire
Old Hill Wanderers,,,West Midlands
Birmingham,,,West Midlands
Wellington Town,,,West Midlands
Willenhall,,,West Midlands
Cradley Heath,,,West Midlands
Burton Town,,,West Midlands
Brierley Hill Alliance,,,West Midlands
Oswestry Town,,,West Midlands
Bilston,,,West Midlands
Lockheed Leamington,,,West Midlands
Willenhall Town,,,West Midlands
Atherstone United,,,West Midlands
Blakenall,,,West Midlands
Oldbury United,,,West Midlands
Pelsall Villa,,,West Midlands
Kington Town,,,West Midlands
Ludlow Town,,,West Midlands
Causeway United,,,West Midlands
Tipton Town,,,West Midlands
Bridgnorth Town,,,West Midlands
Ellesmere Rangers,,,West Midlands
Haughmond,,,West Midlands
Wolverhampton Sporting Community,,,West Midlands
Rowntrees,,,York League
Knaresborough,,,York League
East Yorkshire Regiment,,,York League
York and Lancaster Regiment,,,York League
Green Howards,,,York League
Durham Light Infantry,,,York League
Northumberland Fusiliers,,,York League
