club_name,step,league,division,county,town,website,email,email_type,contact_name,contact_role,phone,source_url,source_type,confidence,verification_status,date_found,last_verified,notes
Aldershot Town,1,National League,,,,,,,,,,https://en.wikipedia.org/wiki/National_League_(division),Wikipedia,Medium,,2026-08-08,2026-08-08,
Altrincham,1,National League,,,,,,,,,,https://en.wikipedia.org/wiki/National_League_(division),Wikipedia,Medium,,2026-08-08,2026-08-08,
Boreham Wood,1,National League,,,,,,,,,,https://en.wikipedia.org/wiki/National_League_(division),Wikipedia,Medium,,2026-08-08,2026-08-08,
Boston United,1,National League,,,,,,,,,,https://en.wikipedia.org/wiki/National_League_(division),Wikipedia,Medium,,2026-08-08,2026-08-08,
Brackley Town,1,National League,,,,,,,,,,https://en.wikipedia.org/wiki/National_League_(division),Wikipedia,Medium,,2026-08-08,2026-08-08,
Braintree Town,1,National League,,,,,,,,,,https://en.wikipedia.org/wiki/National_League_(division),Wikipedia,Medium,,2026-08-08,2026-08-08,
Carlisle United,1,National League,,,,,,,,,,https://en.wikipedia.org/wiki/National_League_(division),Wikipedia,Medium,,2026-08-08,2026-08-08,
Eastleigh,1,National League,,,,,,,,,,https://en.wikipedia.org/wiki/National_League_(division),Wikipedia,Medium,,2026-08-08,2026-08-08,
FC Halifax Town,1,National League,,,,,,,,,,https://en.wikipedia.org/wiki/National_League_(division),Wikipedia,Medium,,2026-08-08,2026-08-08,
Forest Green Rovers,1,National League,,,,,,,,,,https://en.wikipedia.org/wiki/National_League_(division),Wikipedia,Medium,,2026-08-08,2026-08-08,
Gateshead,1,National League,,,,,,,,,,https://en.wikipedia.org/wiki/National_League_(division),Wikipedia,Medium,,2026-08-08,2026-08-08,
Hartlepool United,1,National League,,,,,,,,,,https://en.wikipedia.org/wiki/National_League_(division),Wikipedia,Medium,,2026-08-08,2026-08-08,
Morecambe,1,National League,,,,,,,,,,https://en.wikipedia.org/wiki/National_League_(division),Wikipedia,Medium,,2026-08-08,2026-08-08,
Rochdale,1,National League,,,,,,,,,,https://en.wikipedia.org/wiki/National_League_(division),Wikipedia,Medium,,2026-08-08,2026-08-08,
Scunthorpe United,1,National League,,,,,,,,,,https://en.wikipedia.org/wiki/National_League_(division),Wikipedia,Medium,,2026-08-08,2026-08-08,
Solihull Moors,1,National League,,,,,,,,,,https://en.wikipedia.org/wiki/National_League_(division),Wikipedia,Medium,,2026-08-08,2026-08-08,
Southend United,1,National League,,,,,,,,,,https://en.wikipedia.org/wiki/National_League_(division),Wikipedia,Medium,,2026-08-08,2026-08-08,
Sutton United,1,National League,,,,,,,,,,https://en.wikipedia.org/wiki/National_League_(division),Wikipedia,Medium,,2026-08-08,2026-08-08,
Tamworth,1,National League,,,,,,,,,,https://en.wikipedia.org/wiki/National_League_(division),Wikipedia,Medium,,2026-08-08,2026-08-08,
Truro City,1,National League,,,,,,,,,,https://en.wikipedia.org/wiki/National_League_(division),Wikipedia,Medium,,2026-08-08,2026-08-08,
Wealdstone,1,National League,,,,,,,,,,https://en.wikipedia.org/wiki/National_League_(division),Wikipedia,Medium,,2026-08-08,2026-08-08,
Woking,1,National League,,,,,,,,,,https://en.wikipedia.org/wiki/National_League_(division),Wikipedia,Medium,,2026-08-08,2026-08-08,
Yeovil Town,1,National League,,,,,,,,,,https://en.wikipedia.org/wiki/National_League_(division),Wikipedia,Medium,,2026-08-08,2026-08-08,
York City,1,National League,,,,,,,,,,https://en.wikipedia.org/wiki/National_League_(division),Wikipedia,Medium,,2026-08-08,2026-08-08,
AFC Telford United,2,National League North,,,,,,,,,,https://en.wikipedia.org/wiki/National_League_North,Wikipedia,Medium,,2026-08-08,2026-08-08,
Bradford Town,2,National League North,,,,,,,,,,https://en.wikipedia.org/wiki/National_League_North,Wikipedia,Medium,,2026-08-08,2026-08-08,
Buxton,2,National League North,,,,,,,,,,https://en.wikipedia.org/wiki/National_League_North,Wikipedia,Medium,,2026-08-08,2026-08-08,
Chester,2,National League North,,,,,,,,,,https://en.wikipedia.org/wiki/National_League_North,Wikipedia,Medium,,2026-08-08,2026-08-08,
Chorley,2,National League North,,,,,,,,,,https://en.wikipedia.org/wiki/National_League_North,Wikipedia,Medium,,2026-08-08,2026-08-08,
Darlington,2,National League North,,,,,,,,,,https://en.wikipedia.org/wiki/National_League_North,Wikipedia,Medium,,2026-08-08,2026-08-08,
Harborough Town,2,National League North,,,,,,,,,,https://en.wikipedia.org/wiki/National_League_North,Wikipedia,Medium,,2026-08-08,2026-08-08,
Hebburn Town,2,National League North,,,,,,,,,,https://en.wikipedia.org/wiki/National_League_North,Wikipedia,Medium,,2026-08-08,2026-08-08,
Hednesford Town,2,National League North,,,,,,,,,,https://en.wikipedia.org/wiki/National_League_North,Wikipedia,Medium,,2026-08-08,2026-08-08,
Hereford,2,National League North,,,,,,,,,,https://en.wikipedia.org/wiki/National_League_North,Wikipedia,Medium,,2026-08-08,2026-08-08,
King's Lynn Town,2,National League North,,,,,,,,,,https://en.wikipedia.org/wiki/National_League_North,Wikipedia,Medium,,2026-08-08,2026-08-08,
Macclesfield,2,National League North,,,,,,,,,,https://en.wikipedia.org/wiki/National_League_North,Wikipedia,Medium,,2026-08-08,2026-08-08,
Marine,2,National League North,,,,,,,,,,https://en.wikipedia.org/wiki/National_League_North,Wikipedia,Medium,,2026-08-08,2026-08-08,
Merthyr Town,2,National League North,,,,,,,,,,https://en.wikipedia.org/wiki/National_League_North,Wikipedia,Medium,,2026-08-08,2026-08-08,
Oxford City,2,National League North,,,,,,,,,,https://en.wikipedia.org/wiki/National_League_North,Wikipedia,Medium,,2026-08-08,2026-08-08,
Radcliffe,2,National League North,,,,,,,,,,https://en.wikipedia.org/wiki/National_League_North,Wikipedia,Medium,,2026-08-08,2026-08-08,
Scarborough Athletic,2,National League North,,,,,,,,,,https://en.wikipedia.org/wiki/National_League_North,Wikipedia,Medium,,2026-08-08,2026-08-08,
Southport,2,National League North,,,,,,,,,,https://en.wikipedia.org/wiki/National_League_North,Wikipedia,Medium,,2026-08-08,2026-08-08,
South Shields,2,National League North,,,,,,,,,,https://en.wikipedia.org/wiki/National_League_North,Wikipedia,Medium,,2026-08-08,2026-08-08,
Spalding United,2,National League North,,,,,,,,,,https://en.wikipedia.org/wiki/National_League_North,Wikipedia,Medium,,2026-08-08,2026-08-08,
Spennymoor Town,2,National League North,,,,,,,,,,https://en.wikipedia.org/wiki/National_League_North,Wikipedia,Medium,,2026-08-08,2026-08-08,
Worksop Town,2,National League North,,,,,,,,,,https://en.wikipedia.org/wiki/National_League_North,Wikipedia,Medium,,2026-08-08,2026-08-08,
AFC Fylde,2,National League North,,,,,,,,,,https://en.wikipedia.org/wiki/National_League_North,Wikipedia,Medium,,2026-08-08,2026-08-08,
Alfreton Town,2,National League North,,,,,,,,,,https://en.wikipedia.org/wiki/National_League_North,Wikipedia,Medium,,2026-08-08,2026-08-08,
Curzon Ashton,2,National League North,,,,,,,,,,https://en.wikipedia.org/wiki/National_League_North,Wikipedia,Medium,,2026-08-08,2026-08-08,
Kidderminster Harriers,2,National League North,,,,,,,,,,https://en.wikipedia.org/wiki/National_League_North,Wikipedia,Medium,,2026-08-08,2026-08-08,
Leamington,2,National League North,,,,,,,,,,https://en.wikipedia.org/wiki/National_League_North,Wikipedia,Medium,,2026-08-08,2026-08-08,
Peterborough Sports,2,National League North,,,,,,,,,,https://en.wikipedia.org/wiki/National_League_North,Wikipedia,Medium,,2026-08-08,2026-08-08,
AFC Totton,2,National League South,,,,,,,,,,https://en.wikipedia.org/wiki/National_League_South,Wikipedia,Medium,,2026-08-08,2026-08-08,
Billericay Town,2,National League South,,,,,,,,,,https://en.wikipedia.org/wiki/National_League_South,Wikipedia,Medium,,2026-08-08,2026-08-08,
Chelmsford City,2,National League South,,,,,,,,,,https://en.wikipedia.org/wiki/National_League_South,Wikipedia,Medium,,2026-08-08,2026-08-08,
Chesham United,2,National League South,,,,,,,,,,https://en.wikipedia.org/wiki/National_League_South,Wikipedia,Medium,,2026-08-08,2026-08-08,
Dagenham & Redbridge,2,National League South,,,,,,,,,,https://en.wikipedia.org/wiki/National_League_South,Wikipedia,Medium,,2026-08-08,2026-08-08,
Dorking Wanderers,2,National League South,,,,,,,,,,https://en.wikipedia.org/wiki/National_League_South,Wikipedia,Medium,,2026-08-08,2026-08-08,
Dover Athletic,2,National League South,,,,,,,,,,https://en.wikipedia.org/wiki/National_League_South,Wikipedia,Medium,,2026-08-08,2026-08-08,
Ebbsfleet United,2,National League South,,,,,,,,,,https://en.wikipedia.org/wiki/National_League_South,Wikipedia,Medium,,2026-08-08,2026-08-08,
Farnborough,2,National League South,,,,,,,,,,https://en.wikipedia.org/wiki/National_League_South,Wikipedia,Medium,,2026-08-08,2026-08-08,
Farnham Town,2,National League South,,,,,,,,,,https://en.wikipedia.org/wiki/National_League_South,Wikipedia,Medium,,2026-08-08,2026-08-08,
Folkestone Invicta,2,National League South,,,,,,,,,,https://en.wikipedia.org/wiki/National_League_South,Wikipedia,Medium,,2026-08-08,2026-08-08,
Hampton & Richmond Borough,2,National League South,,,,,,,,,,https://en.wikipedia.org/wiki/National_League_South,Wikipedia,Medium,,2026-08-08,2026-08-08,
Hemel Hempstead Town,2,National League South,,,,,,,,,,https://en.wikipedia.org/wiki/National_League_South,Wikipedia,Medium,,2026-08-08,2026-08-08,
Horsham,2,National League South,,,,,,,,,,https://en.wikipedia.org/wiki/National_League_South,Wikipedia,Medium,,2026-08-08,2026-08-08,
Maidenhead United,2,National League South,,,,,,,,,,https://en.wikipedia.org/wiki/National_League_South,Wikipedia,Medium,,2026-08-08,2026-08-08,
Maidstone United,2,National League South,,,,,,,,,,https://en.wikipedia.org/wiki/National_League_South,Wikipedia,Medium,,2026-08-08,2026-08-08,
Salisbury,2,National League South,,,,,,,,,,https://en.wikipedia.org/wiki/National_League_South,Wikipedia,Medium,,2026-08-08,2026-08-08,
Slough Town,2,National League South,,,,,,,,,,https://en.wikipedia.org/wiki/National_League_South,Wikipedia,Medium,,2026-08-08,2026-08-08,
Tonbridge Angels,2,National League South,,,,,,,,,,https://en.wikipedia.org/wiki/National_League_South,Wikipedia,Medium,,2026-08-08,2026-08-08,
Torquay United,2,National League South,,,,,,,,,,https://en.wikipedia.org/wiki/National_League_South,Wikipedia,Medium,,2026-08-08,2026-08-08,
Walton & Hersham,2,National League South,,,,,,,,,,https://en.wikipedia.org/wiki/National_League_South,Wikipedia,Medium,,2026-08-08,2026-08-08,
Weston-super-Mare,2,National League South,,,,,,,,,,https://en.wikipedia.org/wiki/National_League_South,Wikipedia,Medium,,2026-08-08,2026-08-08,
Bath City,2,National League South,,,,,,,,,,https://en.wikipedia.org/wiki/National_League_South,Wikipedia,Medium,,2026-08-08,2026-08-08,
Eastbourne Borough,2,National League South,,,,,,,,,,https://en.wikipedia.org/wiki/National_League_South,Wikipedia,Medium,,2026-08-08,2026-08-08,
Worthing,2,National League South,,,,,,,,,,https://en.wikipedia.org/wiki/National_League_South,Wikipedia,Medium,,2026-08-08,2026-08-08,
Hornchurch,2,National League South,,,,,,,,,,https://en.wikipedia.org/wiki/National_League_South,Wikipedia,Medium,,2026-08-08,2026-08-08,
Chippenham Town,2,National League South,,,,,,,,,,https://en.wikipedia.org/wiki/National_League_South,Wikipedia,Medium,,2026-08-08,2026-08-08,
Enfield Town,2,National League South,,,,,,,,,,https://en.wikipedia.org/wiki/National_League_South,Wikipedia,Medium,,2026-08-08,2026-08-08,
Atherton Collieries,3,Northern Premier League,,,,,,,,,,https://en.wikipedia.org/wiki/Northern_Premier_League,Wikipedia,Medium,,2026-08-08,2026-08-08,
Bootle,3,Northern Premier League,,,,,,,,,,https://en.wikipedia.org/wiki/Northern_Premier_League,Wikipedia,Medium,,2026-08-08,2026-08-08,
Chasetown,3,Northern Premier League,,,,,,,,,,https://en.wikipedia.org/wiki/Northern_Premier_League,Wikipedia,Medium,,2026-08-08,2026-08-08,
Clitheroe,3,Northern Premier League,,,,,,,,,,https://en.wikipedia.org/wiki/Northern_Premier_League,Wikipedia,Medium,,2026-08-08,2026-08-08,
Congleton Town,3,Northern Premier League,,,,,,,,,,https://en.wikipedia.org/wiki/Northern_Premier_League,Wikipedia,Medium,,2026-08-08,2026-08-08,
Darlaston Town 1874,3,Northern Premier League,,,,,,,,,,https://en.wikipedia.org/wiki/Northern_Premier_League,Wikipedia,Medium,,2026-08-08,2026-08-08,
Kidsgrove Athletic,3,Northern Premier League,,,,,,,,,,https://en.wikipedia.org/wiki/Northern_Premier_League,Wikipedia,Medium,,2026-08-08,2026-08-08,
Lower Breck,3,Northern Premier League,,,,,,,,,,https://en.wikipedia.org/wiki/Northern_Premier_League,Wikipedia,Medium,,2026-08-08,2026-08-08,
Mossley,3,Northern Premier League,,,,,,,,,,https://en.wikipedia.org/wiki/Northern_Premier_League,Wikipedia,Medium,,2026-08-08,2026-08-08,
Nantwich Town,3,Northern Premier League,,,,,,,,,,https://en.wikipedia.org/wiki/Northern_Premier_League,Wikipedia,Medium,,2026-08-08,2026-08-08,
Newcastle Town,3,Northern Premier League,,,,,,,,,,https://en.wikipedia.org/wiki/Northern_Premier_League,Wikipedia,Medium,,2026-08-08,2026-08-08,
Runcorn Linnets,3,Northern Premier League,,,,,,,,,,https://en.wikipedia.org/wiki/Northern_Premier_League,Wikipedia,Medium,,2026-08-08,2026-08-08,
Shifnal Town,3,Northern Premier League,,,,,,,,,,https://en.wikipedia.org/wiki/Northern_Premier_League,Wikipedia,Medium,,2026-08-08,2026-08-08,
Sporting Khalsa,3,Northern Premier League,,,,,,,,,,https://en.wikipedia.org/wiki/Northern_Premier_League,Wikipedia,Medium,,2026-08-08,2026-08-08,
Stafford Rangers,3,Northern Premier League,,,,,,,,,,https://en.wikipedia.org/wiki/Northern_Premier_League,Wikipedia,Medium,,2026-08-08,2026-08-08,
Stalybridge Celtic,3,Northern Premier League,,,,,,,,,,https://en.wikipedia.org/wiki/Northern_Premier_League,Wikipedia,Medium,,2026-08-08,2026-08-08,
Trafford,3,Northern Premier League,,,,,,,,,,https://en.wikipedia.org/wiki/Northern_Premier_League,Wikipedia,Medium,,2026-08-08,2026-08-08,
Vauxhall Motors,3,Northern Premier League,,,,,,,,,,https://en.wikipedia.org/wiki/Northern_Premier_League,Wikipedia,Medium,,2026-08-08,2026-08-08,
Witton Albion,3,Northern Premier League,,,,,,,,,,https://en.wikipedia.org/wiki/Northern_Premier_League,Wikipedia,Medium,,2026-08-08,2026-08-08,
Wythenshawe Town,3,Northern Premier League,,,,,,,,,,https://en.wikipedia.org/wiki/Northern_Premier_League,Wikipedia,Medium,,2026-08-08,2026-08-08,
Ashington,3,Northern Premier League,,,,,,,,,,https://en.wikipedia.org/wiki/Northern_Premier_League,Wikipedia,Medium,,2026-08-08,2026-08-08,
Bishop Auckland,3,Northern Premier League,,,,,,,,,,https://en.wikipedia.org/wiki/Northern_Premier_League,Wikipedia,Medium,,2026-08-08,2026-08-08,
Blyth Spartans,3,Northern Premier League,,,,,,,,,,https://en.wikipedia.org/wiki/Northern_Premier_League,Wikipedia,Medium,,2026-08-08,2026-08-08,
Blyth Town,3,Northern Premier League,,,,,,,,,,https://en.wikipedia.org/wiki/Northern_Premier_League,Wikipedia,Medium,,2026-08-08,2026-08-08,
Bradford,3,Northern Premier League,,,,,,,,,,https://en.wikipedia.org/wiki/Northern_Premier_League,Wikipedia,Medium,,2026-08-08,2026-08-08,
Bridlington Town,3,Northern Premier League,,,,,,,,,,https://en.wikipedia.org/wiki/Northern_Premier_League,Wikipedia,Medium,,2026-08-08,2026-08-08,
Brighouse Town,3,Northern Premier League,,,,,,,,,,https://en.wikipedia.org/wiki/Northern_Premier_League,Wikipedia,Medium,,2026-08-08,2026-08-08,
Consett,3,Northern Premier League,,,,,,,,,,https://en.wikipedia.org/wiki/Northern_Premier_League,Wikipedia,Medium,,2026-08-08,2026-08-08,
Dunston UTS,3,Northern Premier League,,,,,,,,,,https://en.wikipedia.org/wiki/Northern_Premier_League,Wikipedia,Medium,,2026-08-08,2026-08-08,
Emley,3,Northern Premier League,,,,,,,,,,https://en.wikipedia.org/wiki/Northern_Premier_League,Wikipedia,Medium,,2026-08-08,2026-08-08,
Garforth Town,3,Northern Premier League,,,,,,,,,,https://en.wikipedia.org/wiki/Northern_Premier_League,Wikipedia,Medium,,2026-08-08,2026-08-08,
Grimsby Borough,3,Northern Premier League,,,,,,,,,,https://en.wikipedia.org/wiki/Northern_Premier_League,Wikipedia,Medium,,2026-08-08,2026-08-08,
Hallam,3,Northern Premier League,,,,,,,,,,https://en.wikipedia.org/wiki/Northern_Premier_League,Wikipedia,Medium,,2026-08-08,2026-08-08,
Heaton Stannington,3,Northern Premier League,,,,,,,,,,https://en.wikipedia.org/wiki/Northern_Premier_League,Wikipedia,Medium,,2026-08-08,2026-08-08,
Lincoln United,3,Northern Premier League,,,,,,,,,,https://en.wikipedia.org/wiki/Northern_Premier_League,Wikipedia,Medium,,2026-08-08,2026-08-08,
Matlock Town,3,Northern Premier League,,,,,,,,,,https://en.wikipedia.org/wiki/Northern_Premier_League,Wikipedia,Medium,,2026-08-08,2026-08-08,
Newton Aycliffe,3,Northern Premier League,,,,,,,,,,https://en.wikipedia.org/wiki/Northern_Premier_League,Wikipedia,Medium,,2026-08-08,2026-08-08,
North Ferriby,3,Northern Premier League,,,,,,,,,,https://en.wikipedia.org/wiki/Northern_Premier_League,Wikipedia,Medium,,2026-08-08,2026-08-08,
Ossett United,3,Northern Premier League,,,,,,,,,,https://en.wikipedia.org/wiki/Northern_Premier_League,Wikipedia,Medium,,2026-08-08,2026-08-08,
Pontefract Collieries,3,Northern Premier League,,,,,,,,,,https://en.wikipedia.org/wiki/Northern_Premier_League,Wikipedia,Medium,,2026-08-08,2026-08-08,
Redcar Athletic,3,Northern Premier League,,,,,,,,,,https://en.wikipedia.org/wiki/Northern_Premier_League,Wikipedia,Medium,,2026-08-08,2026-08-08,
Silsden,3,Northern Premier League,,,,,,,,,,https://en.wikipedia.org/wiki/Northern_Premier_League,Wikipedia,Medium,,2026-08-08,2026-08-08,
AFC Rushden & Diamonds,3,Northern Premier League,,,,,,,,,,https://en.wikipedia.org/wiki/Northern_Premier_League,Wikipedia,Medium,,2026-08-08,2026-08-08,
Anstey Nomads,3,Northern Premier League,,,,,,,,,,https://en.wikipedia.org/wiki/Northern_Premier_League,Wikipedia,Medium,,2026-08-08,2026-08-08,
Blandford United,3,Northern Premier League,,,,,,,,,,https://en.wikipedia.org/wiki/Northern_Premier_League,Wikipedia,Medium,,2026-08-08,2026-08-08,
Bedworth United,3,Northern Premier League,,,,,,,,,,https://en.wikipedia.org/wiki/Northern_Premier_League,Wikipedia,Medium,,2026-08-08,2026-08-08,
Belper Town,3,Northern Premier League,,,,,,,,,,https://en.wikipedia.org/wiki/Northern_Premier_League,Wikipedia,Medium,,2026-08-08,2026-08-08,
Boldmere St Michaels,3,Northern Premier League,,,,,,,,,,https://en.wikipedia.org/wiki/Northern_Premier_League,Wikipedia,Medium,,2026-08-08,2026-08-08,
Bourne Town,3,Northern Premier League,,,,,,,,,,https://en.wikipedia.org/wiki/Northern_Premier_League,Wikipedia,Medium,,2026-08-08,2026-08-08,
Carlton Town,3,Northern Premier League,,,,,,,,,,https://en.wikipedia.org/wiki/Northern_Premier_League,Wikipedia,Medium,,2026-08-08,2026-08-08,
Coleshill Town,3,Northern Premier League,,,,,,,,,,https://en.wikipedia.org/wiki/Northern_Premier_League,Wikipedia,Medium,,2026-08-08,2026-08-08,
Corby Town,3,Northern Premier League,,,,,,,,,,https://en.wikipedia.org/wiki/Northern_Premier_League,Wikipedia,Medium,,2026-08-08,2026-08-08,
Coventry Sphinx,3,Northern Premier League,,,,,,,,,,https://en.wikipedia.org/wiki/Northern_Premier_League,Wikipedia,Medium,,2026-08-08,2026-08-08,
Lichfield City,3,Northern Premier League,,,,,,,,,,https://en.wikipedia.org/wiki/Northern_Premier_League,Wikipedia,Medium,,2026-08-08,2026-08-08,
Long Eaton United,3,Northern Premier League,,,,,,,,,,https://en.wikipedia.org/wiki/Northern_Premier_League,Wikipedia,Medium,,2026-08-08,2026-08-08,
Loughborough Students,3,Northern Premier League,,,,,,,,,,https://en.wikipedia.org/wiki/Northern_Premier_League,Wikipedia,Medium,,2026-08-08,2026-08-08,
Mickleover,3,Northern Premier League,,,,,,,,,,https://en.wikipedia.org/wiki/Northern_Premier_League,Wikipedia,Medium,,2026-08-08,2026-08-08,
Racing Club Warwick,3,Northern Premier League,,,,,,,,,,https://en.wikipedia.org/wiki/Northern_Premier_League,Wikipedia,Medium,,2026-08-08,2026-08-08,
Rugby Borough,3,Northern Premier League,,,,,,,,,,https://en.wikipedia.org/wiki/Northern_Premier_League,Wikipedia,Medium,,2026-08-08,2026-08-08,
Rugby Town,3,Northern Premier League,,,,,,,,,,https://en.wikipedia.org/wiki/Northern_Premier_League,Wikipedia,Medium,,2026-08-08,2026-08-08,
Shepshed Dynamo,3,Northern Premier League,,,,,,,,,,https://en.wikipedia.org/wiki/Northern_Premier_League,Wikipedia,Medium,,2026-08-08,2026-08-08,
St Neots Town,3,Northern Premier League,,,,,,,,,,https://en.wikipedia.org/wiki/Northern_Premier_League,Wikipedia,Medium,,2026-08-08,2026-08-08,
Sutton Coldfield Town,3,Northern Premier League,,,,,,,,,,https://en.wikipedia.org/wiki/Northern_Premier_League,Wikipedia,Medium,,2026-08-08,2026-08-08,
Wellingborough Town,3,Northern Premier League,,,,,,,,,,https://en.wikipedia.org/wiki/Northern_Premier_League,Wikipedia,Medium,,2026-08-08,2026-08-08,
Chatham,3,Southern League,,,,,,,,,,https://en.wikipedia.org/wiki/Southern_Football_League,Wikipedia,Medium,,2026-08-08,2026-08-08,
Clapton,3,Southern League,,,,,,,,,,https://en.wikipedia.org/wiki/Southern_Football_League,Wikipedia,Medium,,2026-08-08,2026-08-08,
Ilford,3,Southern League,,,,,,,,,,https://en.wikipedia.org/wiki/Southern_Football_League,Wikipedia,Medium,,2026-08-08,2026-08-08,
Luton Town,3,Southern League,,,,,,,,,,https://en.wikipedia.org/wiki/Southern_Football_League,Wikipedia,Medium,,2026-08-08,2026-08-08,
Millwall Athletic,3,Southern League,,,,,,,,,,https://en.wikipedia.org/wiki/Southern_Football_League,Wikipedia,Medium,,2026-08-08,2026-08-08,
Reading,3,Southern League,,,,,,,,,,https://en.wikipedia.org/wiki/Southern_Football_League,Wikipedia,Medium,,2026-08-08,2026-08-08,
Royal Ordnance Factories,3,Southern League,,,,,,,,,,https://en.wikipedia.org/wiki/Southern_Football_League,Wikipedia,Medium,,2026-08-08,2026-08-08,
Swindon Town,3,Southern League,,,,,,,,,,https://en.wikipedia.org/wiki/Southern_Football_League,Wikipedia,Medium,,2026-08-08,2026-08-08,
Bromley,3,Southern League,,,,,,,,,,https://en.wikipedia.org/wiki/Southern_Football_League,Wikipedia,Medium,,2026-08-08,2026-08-08,
Chesham,3,Southern League,,,,,,,,,,https://en.wikipedia.org/wiki/Southern_Football_League,Wikipedia,Medium,,2026-08-08,2026-08-08,
Maidenhead,3,Southern League,,,,,,,,,,https://en.wikipedia.org/wiki/Southern_Football_League,Wikipedia,Medium,,2026-08-08,2026-08-08,
New Brompton,3,Southern League,,,,,,,,,,https://en.wikipedia.org/wiki/Southern_Football_League,Wikipedia,Medium,,2026-08-08,2026-08-08,
Old St Stephen's,3,Southern League,,,,,,,,,,https://en.wikipedia.org/wiki/Southern_Football_League,Wikipedia,Medium,,2026-08-08,2026-08-08,
Sheppey United,3,Southern League,,,,,,,,,,https://en.wikipedia.org/wiki/Southern_Football_League,Wikipedia,Medium,,2026-08-08,2026-08-08,
Uxbridge,3,Southern League,,,,,,,,,,https://en.wikipedia.org/wiki/Southern_Football_League,Wikipedia,Medium,,2026-08-08,2026-08-08,
Alvechurch,3,Southern League,,,,,,,,,,https://en.wikipedia.org/wiki/Southern_Football_League,Wikipedia,Medium,,2026-08-08,2026-08-08,
Banbury United,3,Southern League,,,,,,,,,,https://en.wikipedia.org/wiki/Southern_Football_League,Wikipedia,Medium,,2026-08-08,2026-08-08,
Bishop's Stortford,3,Southern League,,,,,,,,,,https://en.wikipedia.org/wiki/Southern_Football_League,Wikipedia,Medium,,2026-08-08,2026-08-08,
Bromsgrove Sporting,3,Southern League,,,,,,,,,,https://en.wikipedia.org/wiki/Southern_Football_League,Wikipedia,Medium,,2026-08-08,2026-08-08,
Thornbury Town,3,Southern League,,,,,,,,,,https://en.wikipedia.org/wiki/Southern_Football_League,Wikipedia,Medium,,2026-08-08,2026-08-08,
Halesowen Town,3,Southern League,,,,,,,,,,https://en.wikipedia.org/wiki/Southern_Football_League,Wikipedia,Medium,,2026-08-08,2026-08-08,
Hitchin Town,3,Southern League,,,,,,,,,,https://en.wikipedia.org/wiki/Southern_Football_League,Wikipedia,Medium,,2026-08-08,2026-08-08,
Kettering Town,3,Southern League,,,,,,,,,,https://en.wikipedia.org/wiki/Southern_Football_League,Wikipedia,Medium,,2026-08-08,2026-08-08,
Leiston,3,Southern League,,,,,,,,,,https://en.wikipedia.org/wiki/Southern_Football_League,Wikipedia,Medium,,2026-08-08,2026-08-08,
Needham Market,3,Southern League,,,,,,,,,,https://en.wikipedia.org/wiki/Southern_Football_League,Wikipedia,Medium,,2026-08-08,2026-08-08,
Real Bedford,3,Southern League,,,,,,,,,,https://en.wikipedia.org/wiki/Southern_Football_League,Wikipedia,Medium,,2026-08-08,2026-08-08,
Redditch United,3,Southern League,,,,,,,,,,https://en.wikipedia.org/wiki/Southern_Football_League,Wikipedia,Medium,,2026-08-08,2026-08-08,
Stamford,3,Southern League,,,,,,,,,,https://en.wikipedia.org/wiki/Southern_Football_League,Wikipedia,Medium,,2026-08-08,2026-08-08,
Stourbridge,3,Southern League,,,,,,,,,,https://en.wikipedia.org/wiki/Southern_Football_League,Wikipedia,Medium,,2026-08-08,2026-08-08,
Stratford Town,3,Southern League,,,,,,,,,,https://en.wikipedia.org/wiki/Southern_Football_League,Wikipedia,Medium,,2026-08-08,2026-08-08,
Worcester City,3,Southern League,,,,,,,,,,https://en.wikipedia.org/wiki/Southern_Football_League,Wikipedia,Medium,,2026-08-08,2026-08-08,
Basingstoke Town,3,Southern League,,,,,,,,,,https://en.wikipedia.org/wiki/Southern_Football_League,Wikipedia,Medium,,2026-08-08,2026-08-08,
Berkhamsted,3,Southern League,,,,,,,,,,https://en.wikipedia.org/wiki/Southern_Football_League,Wikipedia,Medium,,2026-08-08,2026-08-08,
Bracknell Town,3,Southern League,,,,,,,,,,https://en.wikipedia.org/wiki/Southern_Football_League,Wikipedia,Medium,,2026-08-08,2026-08-08,
Chertsey Town,3,Southern League,,,,,,,,,,https://en.wikipedia.org/wiki/Southern_Football_League,Wikipedia,Medium,,2026-08-08,2026-08-08,
Romsey Town,3,Southern League,,,,,,,,,,https://en.wikipedia.org/wiki/Southern_Football_League,Wikipedia,Medium,,2026-08-08,2026-08-08,
Gloucester City,3,Southern League,,,,,,,,,,https://en.wikipedia.org/wiki/Southern_Football_League,Wikipedia,Medium,,2026-08-08,2026-08-08,
Gosport Borough,3,Southern League,,,,,,,,,,https://en.wikipedia.org/wiki/Southern_Football_League,Wikipedia,Medium,,2026-08-08,2026-08-08,
Hanwell Town,3,Southern League,,,,,,,,,,https://en.wikipedia.org/wiki/Southern_Football_League,Wikipedia,Medium,,2026-08-08,2026-08-08,
Havant & Waterlooville,3,Southern League,,,,,,,,,,https://en.wikipedia.org/wiki/Southern_Football_League,Wikipedia,Medium,,2026-08-08,2026-08-08,
Malvern Town,3,Southern League,,,,,,,,,,https://en.wikipedia.org/wiki/Southern_Football_League,Wikipedia,Medium,,2026-08-08,2026-08-08,
Plymouth Parkway,3,Southern League,,,,,,,,,,https://en.wikipedia.org/wiki/Southern_Football_League,Wikipedia,Medium,,2026-08-08,2026-08-08,
Poole Town,3,Southern League,,,,,,,,,,https://en.wikipedia.org/wiki/Southern_Football_League,Wikipedia,Medium,,2026-08-08,2026-08-08,
Sholing,3,Southern League,,,,,,,,,,https://en.wikipedia.org/wiki/Southern_Football_League,Wikipedia,Medium,,2026-08-08,2026-08-08,
Taunton Town,3,Southern League,,,,,,,,,,https://en.wikipedia.org/wiki/Southern_Football_League,Wikipedia,Medium,,2026-08-08,2026-08-08,
Wimborne Town,3,Southern League,,,,,,,,,,https://en.wikipedia.org/wiki/Southern_Football_League,Wikipedia,Medium,,2026-08-08,2026-08-08,
Yate Town,3,Southern League,,,,,,,,,,https://en.wikipedia.org/wiki/Southern_Football_League,Wikipedia,Medium,,2026-08-08,2026-08-08,
Aylesbury United,3,Southern League,,,,,,,,,,https://en.wikipedia.org/wiki/Southern_Football_League,Wikipedia,Medium,,2026-08-08,2026-08-08,
Barton Rovers,3,Southern League,,,,,,,,,,https://en.wikipedia.org/wiki/Southern_Football_League,Wikipedia,Medium,,2026-08-08,2026-08-08,
Beaconsfield Town,3,Southern League,,,,,,,,,,https://en.wikipedia.org/wiki/Southern_Football_League,Wikipedia,Medium,,2026-08-08,2026-08-08,
Biggleswade,3,Southern League,,,,,,,,,,https://en.wikipedia.org/wiki/Southern_Football_League,Wikipedia,Medium,,2026-08-08,2026-08-08,
Biggleswade Town,3,Southern League,,,,,,,,,,https://en.wikipedia.org/wiki/Southern_Football_League,Wikipedia,Medium,,2026-08-08,2026-08-08,
Didcot Town,3,Southern League,,,,,,,,,,https://en.wikipedia.org/wiki/Southern_Football_League,Wikipedia,Medium,,2026-08-08,2026-08-08,
Flackwell Heath,3,Southern League,,,,,,,,,,https://en.wikipedia.org/wiki/Southern_Football_League,Wikipedia,Medium,,2026-08-08,2026-08-08,
Hadley,3,Southern League,,,,,,,,,,https://en.wikipedia.org/wiki/Southern_Football_League,Wikipedia,Medium,,2026-08-08,2026-08-08,
Hungerford Town,3,Southern League,,,,,,,,,,https://en.wikipedia.org/wiki/Southern_Football_League,Wikipedia,Medium,,2026-08-08,2026-08-08,
Leverstock Green,3,Southern League,,,,,,,,,,https://en.wikipedia.org/wiki/Southern_Football_League,Wikipedia,Medium,,2026-08-08,2026-08-08,
London Lions,3,Southern League,,,,,,,,,,https://en.wikipedia.org/wiki/Southern_Football_League,Wikipedia,Medium,,2026-08-08,2026-08-08,
Marlow,3,Southern League,,,,,,,,,,https://en.wikipedia.org/wiki/Southern_Football_League,Wikipedia,Medium,,2026-08-08,2026-08-08,
Milton Keynes Irish,3,Southern League,,,,,,,,,,https://en.wikipedia.org/wiki/Southern_Football_League,Wikipedia,Medium,,2026-08-08,2026-08-08,
Royston Town,3,Southern League,,,,,,,,,,https://en.wikipedia.org/wiki/Southern_Football_League,Wikipedia,Medium,,2026-08-08,2026-08-08,
Stotfold,3,Southern League,,,,,,,,,,https://en.wikipedia.org/wiki/Southern_Football_League,Wikipedia,Medium,,2026-08-08,2026-08-08,
Thame United,3,Southern League,,,,,,,,,,https://en.wikipedia.org/wiki/Southern_Football_League,Wikipedia,Medium,,2026-08-08,2026-08-08,
Welwyn Garden City,3,Southern League,,,,,,,,,,https://en.wikipedia.org/wiki/Southern_Football_League,Wikipedia,Medium,,2026-08-08,2026-08-08,
Bideford,3,Southern League,,,,,,,,,,https://en.wikipedia.org/wiki/Southern_Football_League,Wikipedia,Medium,,2026-08-08,2026-08-08,
Bishop's Cleeve,3,Southern League,,,,,,,,,,https://en.wikipedia.org/wiki/Southern_Football_League,Wikipedia,Medium,,2026-08-08,2026-08-08,
Bristol Manor Farm,3,Southern League,,,,,,,,,,https://en.wikipedia.org/wiki/Southern_Football_League,Wikipedia,Medium,,2026-08-08,2026-08-08,
Dorchester Town,3,Southern League,,,,,,,,,,https://en.wikipedia.org/wiki/Southern_Football_League,Wikipedia,Medium,,2026-08-08,2026-08-08,
Exmouth Town,3,Southern League,,,,,,,,,,https://en.wikipedia.org/wiki/Southern_Football_League,Wikipedia,Medium,,2026-08-08,2026-08-08,
Falmouth Town,3,Southern League,,,,,,,,,,https://en.wikipedia.org/wiki/Southern_Football_League,Wikipedia,Medium,,2026-08-08,2026-08-08,
Hartpury,3,Southern League,,,,,,,,,,https://en.wikipedia.org/wiki/Southern_Football_League,Wikipedia,Medium,,2026-08-08,2026-08-08,
Larkhall Athletic,3,Southern League,,,,,,,,,,https://en.wikipedia.org/wiki/Southern_Football_League,Wikipedia,Medium,,2026-08-08,2026-08-08,
Melksham Town,3,Southern League,,,,,,,,,,https://en.wikipedia.org/wiki/Southern_Football_League,Wikipedia,Medium,,2026-08-08,2026-08-08,
Shaftesbury,3,Southern League,,,,,,,,,,https://en.wikipedia.org/wiki/Southern_Football_League,Wikipedia,Medium,,2026-08-08,2026-08-08,
Sporting Club Inkberrow,3,Southern League,,,,,,,,,,https://en.wikipedia.org/wiki/Southern_Football_League,Wikipedia,Medium,,2026-08-08,2026-08-08,
Swindon Supermarine,3,Southern League,,,,,,,,,,https://en.wikipedia.org/wiki/Southern_Football_League,Wikipedia,Medium,,2026-08-08,2026-08-08,
Tiverton Town,3,Southern League,,,,,,,,,,https://en.wikipedia.org/wiki/Southern_Football_League,Wikipedia,Medium,,2026-08-08,2026-08-08,
Westbury United,3,Southern League,,,,,,,,,,https://en.wikipedia.org/wiki/Southern_Football_League,Wikipedia,Medium,,2026-08-08,2026-08-08,
Weymouth,3,Southern League,,,,,,,,,,https://en.wikipedia.org/wiki/Southern_Football_League,Wikipedia,Medium,,2026-08-08,2026-08-08,
Willand Rovers,3,Southern League,,,,,,,,,,https://en.wikipedia.org/wiki/Southern_Football_League,Wikipedia,Medium,,2026-08-08,2026-08-08,
AFC Wimbledon,3,Isthmian League,,,,,,,,,,https://en.wikipedia.org/wiki/Isthmian_League,Wikipedia,Medium,,2026-08-08,2026-08-08,
Stevenage,3,Isthmian League,,,,,,,,,,https://en.wikipedia.org/wiki/Isthmian_League,Wikipedia,Medium,,2026-08-08,2026-08-08,
Wimbledon,3,Isthmian League,,,,,,,,,,https://en.wikipedia.org/wiki/Isthmian_League,Wikipedia,Medium,,2026-08-08,2026-08-08,
Wycombe Wanderers,3,Isthmian League,,,,,,,,,,https://en.wikipedia.org/wiki/Isthmian_League,Wikipedia,Medium,,2026-08-08,2026-08-08,
Albion Sports,5,NC East,,,,,,,,,,https://en.wikipedia.org/wiki/Northern_Counties_East_Football_League,Wikipedia,Medium,,2026-08-08,2026-08-08,
Beverley Town,5,NC East,,,,,,,,,,https://en.wikipedia.org/wiki/Northern_Counties_East_Football_League,Wikipedia,Medium,,2026-08-08,2026-08-08,
Bottesford Town,5,NC East,,,,,,,,,,https://en.wikipedia.org/wiki/Northern_Counties_East_Football_League,Wikipedia,Medium,,2026-08-08,2026-08-08,
Campion,5,NC East,,,,,,,,,,https://en.wikipedia.org/wiki/Northern_Counties_East_Football_League,Wikipedia,Medium,,2026-08-08,2026-08-08,
Eccleshill United,5,NC East,,,,,,,,,,https://en.wikipedia.org/wiki/Northern_Counties_East_Football_League,Wikipedia,Medium,,2026-08-08,2026-08-08,
Frickley Athletic,5,NC East,,,,,,,,,,https://en.wikipedia.org/wiki/Northern_Counties_East_Football_League,Wikipedia,Medium,,2026-08-08,2026-08-08,
Golcar United,5,NC East,,,,,,,,,,https://en.wikipedia.org/wiki/Northern_Counties_East_Football_League,Wikipedia,Medium,,2026-08-08,2026-08-08,
Handsworth,5,NC East,,,,,,,,,,https://en.wikipedia.org/wiki/Northern_Counties_East_Football_League,Wikipedia,Medium,,2026-08-08,2026-08-08,
Knaresborough Town,5,NC East,,,,,,,,,,https://en.wikipedia.org/wiki/Northern_Counties_East_Football_League,Wikipedia,Medium,,2026-08-08,2026-08-08,
Liversedge,5,NC East,,,,,,,,,,https://en.wikipedia.org/wiki/Northern_Counties_East_Football_League,Wikipedia,Medium,,2026-08-08,2026-08-08,
Parkgate,5,NC East,,,,,,,,,,https://en.wikipedia.org/wiki/Northern_Counties_East_Football_League,Wikipedia,Medium,,2026-08-08,2026-08-08,
Penistone Church,5,NC East,,,,,,,,,,https://en.wikipedia.org/wiki/Northern_Counties_East_Football_League,Wikipedia,Medium,,2026-08-08,2026-08-08,
Pickering Town,5,NC East,,,,,,,,,,https://en.wikipedia.org/wiki/Northern_Counties_East_Football_League,Wikipedia,Medium,,2026-08-08,2026-08-08,
Rossington Main,5,NC East,,,,,,,,,,https://en.wikipedia.org/wiki/Northern_Counties_East_Football_League,Wikipedia,Medium,,2026-08-08,2026-08-08,
Sheffield,5,NC East,,,,,,,,,,https://en.wikipedia.org/wiki/Northern_Counties_East_Football_League,Wikipedia,Medium,,2026-08-08,2026-08-08,
Tadcaster Albion,5,NC East,,,,,,,,,,https://en.wikipedia.org/wiki/Northern_Counties_East_Football_League,Wikipedia,Medium,,2026-08-08,2026-08-08,
Thackley,5,NC East,,,,,,,,,,https://en.wikipedia.org/wiki/Northern_Counties_East_Football_League,Wikipedia,Medium,,2026-08-08,2026-08-08,
Wombwell Town,5,NC East,,,,,,,,,,https://en.wikipedia.org/wiki/Northern_Counties_East_Football_League,Wikipedia,Medium,,2026-08-08,2026-08-08,
Appleby Frodingham,5,NC East,,,,,,,,,,https://en.wikipedia.org/wiki/Northern_Counties_East_Football_League,Wikipedia,Medium,,2026-08-08,2026-08-08,
Armthorpe Welfare,5,NC East,,,,,,,,,,https://en.wikipedia.org/wiki/Northern_Counties_East_Football_League,Wikipedia,Medium,,2026-08-08,2026-08-08,
Athersley Recreation,5,NC East,,,,,,,,,,https://en.wikipedia.org/wiki/Northern_Counties_East_Football_League,Wikipedia,Medium,,2026-08-08,2026-08-08,
Brigg Town,5,NC East,,,,,,,,,,https://en.wikipedia.org/wiki/Northern_Counties_East_Football_League,Wikipedia,Medium,,2026-08-08,2026-08-08,
Club Thorne Colliery,5,NC East,,,,,,,,,,https://en.wikipedia.org/wiki/Northern_Counties_East_Football_League,Wikipedia,Medium,,2026-08-08,2026-08-08,
Crowle Colts,5,NC East,,,,,,,,,,https://en.wikipedia.org/wiki/Northern_Counties_East_Football_League,Wikipedia,Medium,,2026-08-08,2026-08-08,
Dearne & District,5,NC East,,,,,,,,,,https://en.wikipedia.org/wiki/Northern_Counties_East_Football_League,Wikipedia,Medium,,2026-08-08,2026-08-08,
Doncaster City,5,NC East,,,,,,,,,,https://en.wikipedia.org/wiki/Northern_Counties_East_Football_League,Wikipedia,Medium,,2026-08-08,2026-08-08,
Glasshoughton Welfare,5,NC East,,,,,,,,,,https://en.wikipedia.org/wiki/Northern_Counties_East_Football_League,Wikipedia,Medium,,2026-08-08,2026-08-08,
Goole,5,NC East,,,,,,,,,,https://en.wikipedia.org/wiki/Northern_Counties_East_Football_League,Wikipedia,Medium,,2026-08-08,2026-08-08,
Harrogate Railway Athletic,5,NC East,,,,,,,,,,https://en.wikipedia.org/wiki/Northern_Counties_East_Football_League,Wikipedia,Medium,,2026-08-08,2026-08-08,
Ilkley Town,5,NC East,,,,,,,,,,https://en.wikipedia.org/wiki/Northern_Counties_East_Football_League,Wikipedia,Medium,,2026-08-08,2026-08-08,
Leeds UCFA,5,NC East,,,,,,,,,,https://en.wikipedia.org/wiki/Northern_Counties_East_Football_League,Wikipedia,Medium,,2026-08-08,2026-08-08,
Maltby Main,5,NC East,,,,,,,,,,https://en.wikipedia.org/wiki/Northern_Counties_East_Football_League,Wikipedia,Medium,,2026-08-08,2026-08-08,
Nostell Miners Welfare,5,NC East,,,,,,,,,,https://en.wikipedia.org/wiki/Northern_Counties_East_Football_League,Wikipedia,Medium,,2026-08-08,2026-08-08,
Route One Rovers,5,NC East,,,,,,,,,,https://en.wikipedia.org/wiki/Northern_Counties_East_Football_League,Wikipedia,Medium,,2026-08-08,2026-08-08,
Selby Town,5,NC East,,,,,,,,,,https://en.wikipedia.org/wiki/Northern_Counties_East_Football_League,Wikipedia,Medium,,2026-08-08,2026-08-08,
South Leeds,5,NC East,,,,,,,,,,https://en.wikipedia.org/wiki/Northern_Counties_East_Football_League,Wikipedia,Medium,,2026-08-08,2026-08-08,
Wakefield,5,NC East,,,,,,,,,,https://en.wikipedia.org/wiki/Northern_Counties_East_Football_League,Wikipedia,Medium,,2026-08-08,2026-08-08,
Winterton Rangers,5,NC East,,,,,,,,,,https://en.wikipedia.org/wiki/Northern_Counties_East_Football_League,Wikipedia,Medium,,2026-08-08,2026-08-08,
Worsbrough Bridge Athletic,5,NC East,,,,,,,,,,https://en.wikipedia.org/wiki/Northern_Counties_East_Football_League,Wikipedia,Medium,,2026-08-08,2026-08-08,
Abbey Hey,5,NW Counties,,,,,,,,,,https://en.wikipedia.org/wiki/North_West_Counties_Football_League,Wikipedia,Medium,,2026-08-08,2026-08-08,
A.F.C. Liverpool,5,NW Counties,,,,,,,,,,https://en.wikipedia.org/wiki/North_West_Counties_Football_League,Wikipedia,Medium,,2026-08-08,2026-08-08,
Atherton Laburnum Rovers,5,NW Counties,,,,,,,,,,https://en.wikipedia.org/wiki/North_West_Counties_Football_League,Wikipedia,Medium,,2026-08-08,2026-08-08,
Barnoldswick Town,5,NW Counties,,,,,,,,,,https://en.wikipedia.org/wiki/North_West_Counties_Football_League,Wikipedia,Medium,,2026-08-08,2026-08-08,
Burscough,5,NW Counties,,,,,,,,,,https://en.wikipedia.org/wiki/North_West_Counties_Football_League,Wikipedia,Medium,,2026-08-08,2026-08-08,
Chadderton,5,NW Counties,,,,,,,,,,https://en.wikipedia.org/wiki/North_West_Counties_Football_League,Wikipedia,Medium,,2026-08-08,2026-08-08,
Charnock Richard,5,NW Counties,,,,,,,,,,https://en.wikipedia.org/wiki/North_West_Counties_Football_League,Wikipedia,Medium,,2026-08-08,2026-08-08,
Droylsden,5,NW Counties,,,,,,,,,,https://en.wikipedia.org/wiki/North_West_Counties_Football_League,Wikipedia,Medium,,2026-08-08,2026-08-08,
Euxton Villa,5,NW Counties,,,,,,,,,,https://en.wikipedia.org/wiki/North_West_Counties_Football_League,Wikipedia,Medium,,2026-08-08,2026-08-08,
FC Isle of Man,5,NW Counties,,,,,,,,,,https://en.wikipedia.org/wiki/North_West_Counties_Football_League,Wikipedia,Medium,,2026-08-08,2026-08-08,
FC St Helens,5,NW Counties,,,,,,,,,,https://en.wikipedia.org/wiki/North_West_Counties_Football_League,Wikipedia,Medium,,2026-08-08,2026-08-08,
Glossop North End,5,NW Counties,,,,,,,,,,https://en.wikipedia.org/wiki/North_West_Counties_Football_League,Wikipedia,Medium,,2026-08-08,2026-08-08,
Irlam,5,NW Counties,,,,,,,,,,https://en.wikipedia.org/wiki/North_West_Counties_Football_League,Wikipedia,Medium,,2026-08-08,2026-08-08,
Litherland REMYCA,5,NW Counties,,,,,,,,,,https://en.wikipedia.org/wiki/North_West_Counties_Football_League,Wikipedia,Medium,,2026-08-08,2026-08-08,
Longridge Town,5,NW Counties,,,,,,,,,,https://en.wikipedia.org/wiki/North_West_Counties_Football_League,Wikipedia,Medium,,2026-08-08,2026-08-08,
Nelson,5,NW Counties,,,,,,,,,,https://en.wikipedia.org/wiki/North_West_Counties_Football_League,Wikipedia,Medium,,2026-08-08,2026-08-08,
Prestwich Heys,5,NW Counties,,,,,,,,,,https://en.wikipedia.org/wiki/North_West_Counties_Football_League,Wikipedia,Medium,,2026-08-08,2026-08-08,
Ramsbottom United,5,NW Counties,,,,,,,,,,https://en.wikipedia.org/wiki/North_West_Counties_Football_League,Wikipedia,Medium,,2026-08-08,2026-08-08,
South Liverpool,5,NW Counties,,,,,,,,,,https://en.wikipedia.org/wiki/North_West_Counties_Football_League,Wikipedia,Medium,,2026-08-08,2026-08-08,
AFC Blackpool,5,NW Counties,,,,,,,,,,https://en.wikipedia.org/wiki/North_West_Counties_Football_League,Wikipedia,Medium,,2026-08-08,2026-08-08,
Ashton Athletic,5,NW Counties,,,,,,,,,,https://en.wikipedia.org/wiki/North_West_Counties_Football_League,Wikipedia,Medium,,2026-08-08,2026-08-08,
Ashton Town,5,NW Counties,,,,,,,,,,https://en.wikipedia.org/wiki/North_West_Counties_Football_League,Wikipedia,Medium,,2026-08-08,2026-08-08,
Ashville,5,NW Counties,,,,,,,,,,https://en.wikipedia.org/wiki/North_West_Counties_Football_League,Wikipedia,Medium,,2026-08-08,2026-08-08,
Bacup Borough,5,NW Counties,,,,,,,,,,https://en.wikipedia.org/wiki/North_West_Counties_Football_League,Wikipedia,Medium,,2026-08-08,2026-08-08,
Cammell Laird 1907,5,NW Counties,,,,,,,,,,https://en.wikipedia.org/wiki/North_West_Counties_Football_League,Wikipedia,Medium,,2026-08-08,2026-08-08,
Colne,5,NW Counties,,,,,,,,,,https://en.wikipedia.org/wiki/North_West_Counties_Football_League,Wikipedia,Medium,,2026-08-08,2026-08-08,
Daisy Hill,5,NW Counties,,,,,,,,,,https://en.wikipedia.org/wiki/North_West_Counties_Football_League,Wikipedia,Medium,,2026-08-08,2026-08-08,
Darwen,5,NW Counties,,,,,,,,,,https://en.wikipedia.org/wiki/North_West_Counties_Football_League,Wikipedia,Medium,,2026-08-08,2026-08-08,
Flixton,5,NW Counties,,,,,,,,,,https://en.wikipedia.org/wiki/North_West_Counties_Football_League,Wikipedia,Medium,,2026-08-08,2026-08-08,
Fulwood Amateurs,5,NW Counties,,,,,,,,,,https://en.wikipedia.org/wiki/North_West_Counties_Football_League,Wikipedia,Medium,,2026-08-08,2026-08-08,
Garstang,5,NW Counties,,,,,,,,,,https://en.wikipedia.org/wiki/North_West_Counties_Football_League,Wikipedia,Medium,,2026-08-08,2026-08-08,
Holker Old Boys,5,NW Counties,,,,,,,,,,https://en.wikipedia.org/wiki/North_West_Counties_Football_League,Wikipedia,Medium,,2026-08-08,2026-08-08,
Maghull,5,NW Counties,,,,,,,,,,https://en.wikipedia.org/wiki/North_West_Counties_Football_League,Wikipedia,Medium,,2026-08-08,2026-08-08,
Maine Road,5,NW Counties,,,,,,,,,,https://en.wikipedia.org/wiki/North_West_Counties_Football_League,Wikipedia,Medium,,2026-08-08,2026-08-08,
Squires Gate,5,NW Counties,,,,,,,,,,https://en.wikipedia.org/wiki/North_West_Counties_Football_League,Wikipedia,Medium,,2026-08-08,2026-08-08,
Steeton,5,NW Counties,,,,,,,,,,https://en.wikipedia.org/wiki/North_West_Counties_Football_League,Wikipedia,Medium,,2026-08-08,2026-08-08,
Thornton Cleveleys,5,NW Counties,,,,,,,,,,https://en.wikipedia.org/wiki/North_West_Counties_Football_League,Wikipedia,Medium,,2026-08-08,2026-08-08,
MSB Woolton,5,NW Counties,,,,,,,,,,https://en.wikipedia.org/wiki/North_West_Counties_Football_League,Wikipedia,Medium,,2026-08-08,2026-08-08,
A.F.C. Bridgnorth,5,NW Counties,,,,,,,,,,https://en.wikipedia.org/wiki/North_West_Counties_Football_League,Wikipedia,Medium,,2026-08-08,2026-08-08,
Allscott Heath,5,NW Counties,,,,,,,,,,https://en.wikipedia.org/wiki/North_West_Counties_Football_League,Wikipedia,Medium,,2026-08-08,2026-08-08,
Alsager Town,5,NW Counties,,,,,,,,,,https://en.wikipedia.org/wiki/North_West_Counties_Football_League,Wikipedia,Medium,,2026-08-08,2026-08-08,
Barnton,5,NW Counties,,,,,,,,,,https://en.wikipedia.org/wiki/North_West_Counties_Football_League,Wikipedia,Medium,,2026-08-08,2026-08-08,
Bilston Town,5,NW Counties,,,,,,,,,,https://en.wikipedia.org/wiki/North_West_Counties_Football_League,Wikipedia,Medium,,2026-08-08,2026-08-08,
Brereton Social,5,NW Counties,,,,,,,,,,https://en.wikipedia.org/wiki/North_West_Counties_Football_League,Wikipedia,Medium,,2026-08-08,2026-08-08,
Cheadle Heath Nomads,5,NW Counties,,,,,,,,,,https://en.wikipedia.org/wiki/North_West_Counties_Football_League,Wikipedia,Medium,,2026-08-08,2026-08-08,
Crewe,5,NW Counties,,,,,,,,,,https://en.wikipedia.org/wiki/North_West_Counties_Football_League,Wikipedia,Medium,,2026-08-08,2026-08-08,
Dawley Town,5,NW Counties,,,,,,,,,,https://en.wikipedia.org/wiki/North_West_Counties_Football_League,Wikipedia,Medium,,2026-08-08,2026-08-08,
Eccleshall,5,NW Counties,,,,,,,,,,https://en.wikipedia.org/wiki/North_West_Counties_Football_League,Wikipedia,Medium,,2026-08-08,2026-08-08,
Foley Meir,5,NW Counties,,,,,,,,,,https://en.wikipedia.org/wiki/North_West_Counties_Football_League,Wikipedia,Medium,,2026-08-08,2026-08-08,
Market Drayton Town,5,NW Counties,,,,,,,,,,https://en.wikipedia.org/wiki/North_West_Counties_Football_League,Wikipedia,Medium,,2026-08-08,2026-08-08,
New Mills,5,NW Counties,,,,,,,,,,https://en.wikipedia.org/wiki/North_West_Counties_Football_League,Wikipedia,Medium,,2026-08-08,2026-08-08,
Sandbach United,5,NW Counties,,,,,,,,,,https://en.wikipedia.org/wiki/North_West_Counties_Football_League,Wikipedia,Medium,,2026-08-08,2026-08-08,
Shawbury United,5,NW Counties,,,,,,,,,,https://en.wikipedia.org/wiki/North_West_Counties_Football_League,Wikipedia,Medium,,2026-08-08,2026-08-08,
Telford Town,5,NW Counties,,,,,,,,,,https://en.wikipedia.org/wiki/North_West_Counties_Football_League,Wikipedia,Medium,,2026-08-08,2026-08-08,
Wednesfield Community,5,NW Counties,,,,,,,,,,https://en.wikipedia.org/wiki/North_West_Counties_Football_League,Wikipedia,Medium,,2026-08-08,2026-08-08,
Widnes Town,5,NW Counties,,,,,,,,,,https://en.wikipedia.org/wiki/North_West_Counties_Football_League,Wikipedia,Medium,,2026-08-08,2026-08-08,
Wolverhampton Casuals,5,NW Counties,,,,,,,,,,https://en.wikipedia.org/wiki/North_West_Counties_Football_League,Wikipedia,Medium,,2026-08-08,2026-08-08,
"""League Honours""",5,NW Counties,,,,,,,,,,https://en.wikipedia.org/wiki/North_West_Counties_Football_League,Wikipedia,Medium,,2026-08-08,2026-08-08,
Warrington Town,5,NW Counties,,,,,,,,,,https://en.wikipedia.org/wiki/North_West_Counties_Football_League,Wikipedia,Medium,,2026-08-08,2026-08-08,
Vauxhall GM,5,NW Counties,,,,,,,,,,https://en.wikipedia.org/wiki/North_West_Counties_Football_League,Wikipedia,Medium,,2026-08-08,2026-08-08,
Skelmersdale United,5,NW Counties,,,,,,,,,,https://en.wikipedia.org/wiki/North_West_Counties_Football_League,Wikipedia,Medium,,2026-08-08,2026-08-08,
Cammell Laird/Cammell Laird 1907,5,NW Counties,,,,,,,,,,https://en.wikipedia.org/wiki/North_West_Counties_Football_League,Wikipedia,Medium,,2026-08-08,2026-08-08,
Colne Dynamoes,5,NW Counties,,,,,,,,,,https://en.wikipedia.org/wiki/North_West_Counties_Football_League,Wikipedia,Medium,,2026-08-08,2026-08-08,
Colwyn Bay,5,NW Counties,,,,,,,,,,https://en.wikipedia.org/wiki/North_West_Counties_Football_League,Wikipedia,Medium,,2026-08-08,2026-08-08,
Formby,5,NW Counties,,,,,,,,,,https://en.wikipedia.org/wiki/North_West_Counties_Football_League,Wikipedia,Medium,,2026-08-08,2026-08-08,
Prescot Cables,5,NW Counties,,,,,,,,,,https://en.wikipedia.org/wiki/North_West_Counties_Football_League,Wikipedia,Medium,,2026-08-08,2026-08-08,
Winsford United,5,NW Counties,,,,,,,,,,https://en.wikipedia.org/wiki/North_West_Counties_Football_League,Wikipedia,Medium,,2026-08-08,2026-08-08,
City of Liverpool,5,NW Counties,,,,,,,,,,https://en.wikipedia.org/wiki/North_West_Counties_Football_League,Wikipedia,Medium,,2026-08-08,2026-08-08,
Ellesmere Port & Neston,5,NW Counties,,,,,,,,,,https://en.wikipedia.org/wiki/North_West_Counties_Football_League,Wikipedia,Medium,,2026-08-08,2026-08-08,
Leek Town,5,NW Counties,,,,,,,,,,https://en.wikipedia.org/wiki/North_West_Counties_Football_League,Wikipedia,Medium,,2026-08-08,2026-08-08,
Knowsley United,5,NW Counties,,,,,,,,,,https://en.wikipedia.org/wiki/North_West_Counties_Football_League,Wikipedia,Medium,,2026-08-08,2026-08-08,
Ashton United,5,NW Counties,,,,,,,,,,https://en.wikipedia.org/wiki/North_West_Counties_Football_League,Wikipedia,Medium,,2026-08-08,2026-08-08,
Rossendale United,5,NW Counties,,,,,,,,,,https://en.wikipedia.org/wiki/North_West_Counties_Football_League,Wikipedia,Medium,,2026-08-08,2026-08-08,
Salford City,5,NW Counties,,,,,,,,,,https://en.wikipedia.org/wiki/North_West_Counties_Football_League,Wikipedia,Medium,,2026-08-08,2026-08-08,
F.C. United of Manchester,5,NW Counties,,,,,,,,,,https://en.wikipedia.org/wiki/North_West_Counties_Football_League,Wikipedia,Medium,,2026-08-08,2026-08-08,
Widnes,5,NW Counties,,,,,,,,,,https://en.wikipedia.org/wiki/North_West_Counties_Football_League,Wikipedia,Medium,,2026-08-08,2026-08-08,
Radcliffe Borough,5,NW Counties,,,,,,,,,,https://en.wikipedia.org/wiki/North_West_Counties_Football_League,Wikipedia,Medium,,2026-08-08,2026-08-08,
Leyland Motors,5,NW Counties,,,,,,,,,,https://en.wikipedia.org/wiki/North_West_Counties_Football_League,Wikipedia,Medium,,2026-08-08,2026-08-08,
St Helens Town,5,NW Counties,,,,,,,,,,https://en.wikipedia.org/wiki/North_West_Counties_Football_League,Wikipedia,Medium,,2026-08-08,2026-08-08,
Runcorn Town,5,NW Counties,,,,,,,,,,https://en.wikipedia.org/wiki/North_West_Counties_Football_League,Wikipedia,Medium,,2026-08-08,2026-08-08,
West Didsbury & Chorlton,5,NW Counties,,,,,,,,,,https://en.wikipedia.org/wiki/North_West_Counties_Football_League,Wikipedia,Medium,,2026-08-08,2026-08-08,
AFC Wolverhampton City,5,Midland,,,,,,,,,,https://en.wikipedia.org/wiki/Midland_Football_League,Wikipedia,Medium,,2026-08-08,2026-08-08,
Atherstone Town,5,Midland,,,,,,,,,,https://en.wikipedia.org/wiki/Midland_Football_League,Wikipedia,Medium,,2026-08-08,2026-08-08,
Brocton,5,Midland,,,,,,,,,,https://en.wikipedia.org/wiki/Midland_Football_League,Wikipedia,Medium,,2026-08-08,2026-08-08,
Dudley Town,5,Midland,,,,,,,,,,https://en.wikipedia.org/wiki/Midland_Football_League,Wikipedia,Medium,,2026-08-08,2026-08-08,
Highgate United,5,Midland,,,,,,,,,,https://en.wikipedia.org/wiki/Midland_Football_League,Wikipedia,Medium,,2026-08-08,2026-08-08,
Northwich Victoria,5,Midland,,,,,,,,,,https://en.wikipedia.org/wiki/Midland_Football_League,Wikipedia,Medium,,2026-08-08,2026-08-08,
Romulus,5,Midland,,,,,,,,,,https://en.wikipedia.org/wiki/Midland_Football_League,Wikipedia,Medium,,2026-08-08,2026-08-08,
Stone Old Alleynians,5,Midland,,,,,,,,,,https://en.wikipedia.org/wiki/Midland_Football_League,Wikipedia,Medium,,2026-08-08,2026-08-08,
Stourport Swifts,5,Midland,,,,,,,,,,https://en.wikipedia.org/wiki/Midland_Football_League,Wikipedia,Medium,,2026-08-08,2026-08-08,
Studley,5,Midland,,,,,,,,,,https://en.wikipedia.org/wiki/Midland_Football_League,Wikipedia,Medium,,2026-08-08,2026-08-08,
Tividale,5,Midland,,,,,,,,,,https://en.wikipedia.org/wiki/Midland_Football_League,Wikipedia,Medium,,2026-08-08,2026-08-08,
Uttoxeter Town,5,Midland,,,,,,,,,,https://en.wikipedia.org/wiki/Midland_Football_League,Wikipedia,Medium,,2026-08-08,2026-08-08,
Whitchurch Alport,5,Midland,,,,,,,,,,https://en.wikipedia.org/wiki/Midland_Football_League,Wikipedia,Medium,,2026-08-08,2026-08-08,
Allexton & New Park,5,Midland,,,,,,,,,,https://en.wikipedia.org/wiki/Midland_Football_League,Wikipedia,Medium,,2026-08-08,2026-08-08,
Birstall United,5,Midland,,,,,,,,,,https://en.wikipedia.org/wiki/Midland_Football_League,Wikipedia,Medium,,2026-08-08,2026-08-08,
Chelmsley Town,5,Midland,,,,,,,,,,https://en.wikipedia.org/wiki/Midland_Football_League,Wikipedia,Medium,,2026-08-08,2026-08-08,
Coton Green,5,Midland,,,,,,,,,,https://en.wikipedia.org/wiki/Midland_Football_League,Wikipedia,Medium,,2026-08-08,2026-08-08,
Coventry Copsewood,5,Midland,,,,,,,,,,https://en.wikipedia.org/wiki/Midland_Football_League,Wikipedia,Medium,,2026-08-08,2026-08-08,
Cradley Town,5,Midland,,,,,,,,,,https://en.wikipedia.org/wiki/Midland_Football_League,Wikipedia,Medium,,2026-08-08,2026-08-08,
Gornal Athletic,5,Midland,,,,,,,,,,https://en.wikipedia.org/wiki/Midland_Football_League,Wikipedia,Medium,,2026-08-08,2026-08-08,
Heather St John's,5,Midland,,,,,,,,,,https://en.wikipedia.org/wiki/Midland_Football_League,Wikipedia,Medium,,2026-08-08,2026-08-08,
Ingles,5,Midland,,,,,,,,,,https://en.wikipedia.org/wiki/Midland_Football_League,Wikipedia,Medium,,2026-08-08,2026-08-08,
Kirby Muxloe,5,Midland,,,,,,,,,,https://en.wikipedia.org/wiki/Midland_Football_League,Wikipedia,Medium,,2026-08-08,2026-08-08,
Leicester St Andrews,5,Midland,,,,,,,,,,https://en.wikipedia.org/wiki/Midland_Football_League,Wikipedia,Medium,,2026-08-08,2026-08-08,
Lutterworth Athletic,5,Midland,,,,,,,,,,https://en.wikipedia.org/wiki/Midland_Football_League,Wikipedia,Medium,,2026-08-08,2026-08-08,
Nuneaton Griff,5,Midland,,,,,,,,,,https://en.wikipedia.org/wiki/Midland_Football_League,Wikipedia,Medium,,2026-08-08,2026-08-08,
Nuneaton Town,5,Midland,,,,,,,,,,https://en.wikipedia.org/wiki/Midland_Football_League,Wikipedia,Medium,,2026-08-08,2026-08-08,
Paget Rangers,5,Midland,,,,,,,,,,https://en.wikipedia.org/wiki/Midland_Football_League,Wikipedia,Medium,,2026-08-08,2026-08-08,
Saffron Dynamo,5,Midland,,,,,,,,,,https://en.wikipedia.org/wiki/Midland_Football_League,Wikipedia,Medium,,2026-08-08,2026-08-08,
Smethwick Rangers,5,Midland,,,,,,,,,,https://en.wikipedia.org/wiki/Midland_Football_League,Wikipedia,Medium,,2026-08-08,2026-08-08,
Stapenhill,5,Midland,,,,,,,,,,https://en.wikipedia.org/wiki/Midland_Football_League,Wikipedia,Medium,,2026-08-08,2026-08-08,
Wednesfield,5,Midland,,,,,,,,,,https://en.wikipedia.org/wiki/Midland_Football_League,Wikipedia,Medium,,2026-08-08,2026-08-08,
Birmingham United,5,Midland,,,,,,,,,,https://en.wikipedia.org/wiki/Midland_Football_League,Wikipedia,Medium,,2026-08-08,2026-08-08,
Bolehall Swifts,5,Midland,,,,,,,,,,https://en.wikipedia.org/wiki/Midland_Football_League,Wikipedia,Medium,,2026-08-08,2026-08-08,
Cadbury Athletic,5,Midland,,,,,,,,,,https://en.wikipedia.org/wiki/Midland_Football_League,Wikipedia,Medium,,2026-08-08,2026-08-08,
Coventry Alvis,5,Midland,,,,,,,,,,https://en.wikipedia.org/wiki/Midland_Football_League,Wikipedia,Medium,,2026-08-08,2026-08-08,
Earlswood Town,5,Midland,,,,,,,,,,https://en.wikipedia.org/wiki/Midland_Football_League,Wikipedia,Medium,,2026-08-08,2026-08-08,
Fairfield Villa,5,Midland,,,,,,,,,,https://en.wikipedia.org/wiki/Midland_Football_League,Wikipedia,Medium,,2026-08-08,2026-08-08,
Knowle,5,Midland,,,,,,,,,,https://en.wikipedia.org/wiki/Midland_Football_League,Wikipedia,Medium,,2026-08-08,2026-08-08,
Littleton,5,Midland,,,,,,,,,,https://en.wikipedia.org/wiki/Midland_Football_League,Wikipedia,Medium,,2026-08-08,2026-08-08,
Northfield Town,5,Midland,,,,,,,,,,https://en.wikipedia.org/wiki/Midland_Football_League,Wikipedia,Medium,,2026-08-08,2026-08-08,
Castle Vale Town,5,Midland,,,,,,,,,,https://en.wikipedia.org/wiki/Midland_Football_League,Wikipedia,Medium,,2026-08-08,2026-08-08,
Continental Star,5,Midland,,,,,,,,,,https://en.wikipedia.org/wiki/Midland_Football_League,Wikipedia,Medium,,2026-08-08,2026-08-08,
Feckenham,5,Midland,,,,,,,,,,https://en.wikipedia.org/wiki/Midland_Football_League,Wikipedia,Medium,,2026-08-08,2026-08-08,
Lye Town,5,Midland,,,,,,,,,,https://en.wikipedia.org/wiki/Midland_Football_League,Wikipedia,Medium,,2026-08-08,2026-08-08,
Darlaston Town,5,Midland,,,,,,,,,,https://en.wikipedia.org/wiki/Midland_Football_League,Wikipedia,Medium,,2026-08-08,2026-08-08,
Cirencester Town,5,Hellenic,,,,,,,,,,https://en.wikipedia.org/wiki/Hellenic_Football_League,Wikipedia,Medium,,2026-08-08,2026-08-08,
Corsham Town,5,Hellenic,,,,,,,,,,https://en.wikipedia.org/wiki/Hellenic_Football_League,Wikipedia,Medium,,2026-08-08,2026-08-08,
Cribbs,5,Hellenic,,,,,,,,,,https://en.wikipedia.org/wiki/Hellenic_Football_League,Wikipedia,Medium,,2026-08-08,2026-08-08,
Droitwich Spa,5,Hellenic,,,,,,,,,,https://en.wikipedia.org/wiki/Hellenic_Football_League,Wikipedia,Medium,,2026-08-08,2026-08-08,
Fairford Town,5,Hellenic,,,,,,,,,,https://en.wikipedia.org/wiki/Hellenic_Football_League,Wikipedia,Medium,,2026-08-08,2026-08-08,
Hallen A,5,Hellenic,,,,,,,,,,https://en.wikipedia.org/wiki/Hellenic_Football_League,Wikipedia,Medium,,2026-08-08,2026-08-08,
Hartpury University,5,Hellenic,,,,,,,,,,https://en.wikipedia.org/wiki/Hellenic_Football_League,Wikipedia,Medium,,2026-08-08,2026-08-08,
Hereford Pegasus,5,Hellenic,,,,,,,,,,https://en.wikipedia.org/wiki/Hellenic_Football_League,Wikipedia,Medium,,2026-08-08,2026-08-08,
Highworth Town,5,Hellenic,,,,,,,,,,https://en.wikipedia.org/wiki/Hellenic_Football_League,Wikipedia,Medium,,2026-08-08,2026-08-08,
Longlevens A,5,Hellenic,,,,,,,,,,https://en.wikipedia.org/wiki/Hellenic_Football_League,Wikipedia,Medium,,2026-08-08,2026-08-08,
Lydney Town,5,Hellenic,,,,,,,,,,https://en.wikipedia.org/wiki/Hellenic_Football_League,Wikipedia,Medium,,2026-08-08,2026-08-08,
Mangotsfield United,5,Hellenic,,,,,,,,,,https://en.wikipedia.org/wiki/Hellenic_Football_League,Wikipedia,Medium,,2026-08-08,2026-08-08,
Pershore Town,5,Hellenic,,,,,,,,,,https://en.wikipedia.org/wiki/Hellenic_Football_League,Wikipedia,Medium,,2026-08-08,2026-08-08,
Roman Glass St George,5,Hellenic,,,,,,,,,,https://en.wikipedia.org/wiki/Hellenic_Football_League,Wikipedia,Medium,,2026-08-08,2026-08-08,
Royal Wootton Bassett Town,5,Hellenic,,,,,,,,,,https://en.wikipedia.org/wiki/Hellenic_Football_League,Wikipedia,Medium,,2026-08-08,2026-08-08,
Slimbridge,5,Hellenic,,,,,,,,,,https://en.wikipedia.org/wiki/Hellenic_Football_League,Wikipedia,Medium,,2026-08-08,2026-08-08,
Tuffley Rovers,5,Hellenic,,,,,,,,,,https://en.wikipedia.org/wiki/Hellenic_Football_League,Wikipedia,Medium,,2026-08-08,2026-08-08,
Westfields,5,Hellenic,,,,,,,,,,https://en.wikipedia.org/wiki/Hellenic_Football_League,Wikipedia,Medium,,2026-08-08,2026-08-08,
Worcester Raiders,5,Hellenic,,,,,,,,,,https://en.wikipedia.org/wiki/Hellenic_Football_League,Wikipedia,Medium,,2026-08-08,2026-08-08,
Alcester Town,5,Hellenic,,,,,,,,,,https://en.wikipedia.org/wiki/Hellenic_Football_League,Wikipedia,Medium,,2026-08-08,2026-08-08,
Bewdley Town,5,Hellenic,,,,,,,,,,https://en.wikipedia.org/wiki/Hellenic_Football_League,Wikipedia,Medium,,2026-08-08,2026-08-08,
Brimscombe & Thrupp,5,Hellenic,,,,,,,,,,https://en.wikipedia.org/wiki/Hellenic_Football_League,Wikipedia,Medium,,2026-08-08,2026-08-08,
Carterton,5,Hellenic,,,,,,,,,,https://en.wikipedia.org/wiki/Hellenic_Football_League,Wikipedia,Medium,,2026-08-08,2026-08-08,
Cheltenham Saracens,5,Hellenic,,,,,,,,,,https://en.wikipedia.org/wiki/Hellenic_Football_League,Wikipedia,Medium,,2026-08-08,2026-08-08,
Chipping Sodbury Town,5,Hellenic,,,,,,,,,,https://en.wikipedia.org/wiki/Hellenic_Football_League,Wikipedia,Medium,,2026-08-08,2026-08-08,
Clanfield 85,5,Hellenic,,,,,,,,,,https://en.wikipedia.org/wiki/Hellenic_Football_League,Wikipedia,Medium,,2026-08-08,2026-08-08,
FC Stratford,5,Hellenic,,,,,,,,,,https://en.wikipedia.org/wiki/Hellenic_Football_League,Wikipedia,Medium,,2026-08-08,2026-08-08,
Ludlow,5,Hellenic,,,,,,,,,,https://en.wikipedia.org/wiki/Hellenic_Football_League,Wikipedia,Medium,,2026-08-08,2026-08-08,
Malmesbury Victoria,5,Hellenic,,,,,,,,,,https://en.wikipedia.org/wiki/Hellenic_Football_League,Wikipedia,Medium,,2026-08-08,2026-08-08,
Newent Town,5,Hellenic,,,,,,,,,,https://en.wikipedia.org/wiki/Hellenic_Football_League,Wikipedia,Medium,,2026-08-08,2026-08-08,
Redditch Borough,5,Hellenic,,,,,,,,,,https://en.wikipedia.org/wiki/Hellenic_Football_League,Wikipedia,Medium,,2026-08-08,2026-08-08,
Shortwood United,5,Hellenic,,,,,,,,,,https://en.wikipedia.org/wiki/Hellenic_Football_League,Wikipedia,Medium,,2026-08-08,2026-08-08,
Stonehouse Town,5,Hellenic,,,,,,,,,,https://en.wikipedia.org/wiki/Hellenic_Football_League,Wikipedia,Medium,,2026-08-08,2026-08-08,
Wantage Town,5,Hellenic,,,,,,,,,,https://en.wikipedia.org/wiki/Hellenic_Football_League,Wikipedia,Medium,,2026-08-08,2026-08-08,
Wellington,5,Hellenic,,,,,,,,,,https://en.wikipedia.org/wiki/Hellenic_Football_League,Wikipedia,Medium,,2026-08-08,2026-08-08,
Woodford United,5,Hellenic,,,,,,,,,,https://en.wikipedia.org/wiki/Hellenic_Football_League,Wikipedia,Medium,,2026-08-08,2026-08-08,
Bridgwater United,5,Western,,,,,,,,,,https://en.wikipedia.org/wiki/Western_Football_League,Wikipedia,Medium,,2026-08-08,2026-08-08,
Brislington,5,Western,,,,,,,,,,https://en.wikipedia.org/wiki/Western_Football_League,Wikipedia,Medium,,2026-08-08,2026-08-08,
Buckland Athletic,5,Western,,,,,,,,,,https://en.wikipedia.org/wiki/Western_Football_League,Wikipedia,Medium,,2026-08-08,2026-08-08,
Clevedon Town,5,Western,,,,,,,,,,https://en.wikipedia.org/wiki/Western_Football_League,Wikipedia,Medium,,2026-08-08,2026-08-08,
Ivybridge Town,5,Western,,,,,,,,,,https://en.wikipedia.org/wiki/Western_Football_League,Wikipedia,Medium,,2026-08-08,2026-08-08,
Saltash United,5,Western,,,,,,,,,,https://en.wikipedia.org/wiki/Western_Football_League,Wikipedia,Medium,,2026-08-08,2026-08-08,
Shepton Mallet,5,Western,,,,,,,,,,https://en.wikipedia.org/wiki/Western_Football_League,Wikipedia,Medium,,2026-08-08,2026-08-08,
St Blazey,5,Western,,,,,,,,,,https://en.wikipedia.org/wiki/Western_Football_League,Wikipedia,Medium,,2026-08-08,2026-08-08,
Street,5,Western,,,,,,,,,,https://en.wikipedia.org/wiki/Western_Football_League,Wikipedia,Medium,,2026-08-08,2026-08-08,
Torpoint Athletic,5,Western,,,,,,,,,,https://en.wikipedia.org/wiki/Western_Football_League,Wikipedia,Medium,,2026-08-08,2026-08-08,
Newquay,5,Western,,,,,,,,,,https://en.wikipedia.org/wiki/Western_Football_League,Wikipedia,Medium,,2026-08-08,2026-08-08,
Sidmouth Town,5,Western,,,,,,,,,,https://en.wikipedia.org/wiki/Western_Football_League,Wikipedia,Medium,,2026-08-08,2026-08-08,
Brixham A,5,Western,,,,,,,,,,https://en.wikipedia.org/wiki/Western_Football_League,Wikipedia,Medium,,2026-08-08,2026-08-08,
Bovey Tracey,5,Western,,,,,,,,,,https://en.wikipedia.org/wiki/Western_Football_League,Wikipedia,Medium,,2026-08-08,2026-08-08,
Liskeard Athletic,5,Western,,,,,,,,,,https://en.wikipedia.org/wiki/Western_Football_League,Wikipedia,Medium,,2026-08-08,2026-08-08,
Portishead Town,5,Western,,,,,,,,,,https://en.wikipedia.org/wiki/Western_Football_League,Wikipedia,Medium,,2026-08-08,2026-08-08,
Wells City,5,Western,,,,,,,,,,https://en.wikipedia.org/wiki/Western_Football_League,Wikipedia,Medium,,2026-08-08,2026-08-08,
AEK Boco,5,Western,,,,,,,,,,https://en.wikipedia.org/wiki/Western_Football_League,Wikipedia,Medium,,2026-08-08,2026-08-08,
Almondsbury,5,Western,,,,,,,,,,https://en.wikipedia.org/wiki/Western_Football_League,Wikipedia,Medium,,2026-08-08,2026-08-08,
Avonmouth,5,Western,,,,,,,,,,https://en.wikipedia.org/wiki/Western_Football_League,Wikipedia,Medium,,2026-08-08,2026-08-08,
Bitton,5,Western,,,,,,,,,,https://en.wikipedia.org/wiki/Western_Football_League,Wikipedia,Medium,,2026-08-08,2026-08-08,
Bristol Telephones,5,Western,,,,,,,,,,https://en.wikipedia.org/wiki/Western_Football_League,Wikipedia,Medium,,2026-08-08,2026-08-08,
Cadbury Heath,5,Western,,,,,,,,,,https://en.wikipedia.org/wiki/Western_Football_League,Wikipedia,Medium,,2026-08-08,2026-08-08,
Calne Town,5,Western,,,,,,,,,,https://en.wikipedia.org/wiki/Western_Football_League,Wikipedia,Medium,,2026-08-08,2026-08-08,
Keynsham Town,5,Western,,,,,,,,,,https://en.wikipedia.org/wiki/Western_Football_League,Wikipedia,Medium,,2026-08-08,2026-08-08,
Longwell Green Sports,5,Western,,,,,,,,,,https://en.wikipedia.org/wiki/Western_Football_League,Wikipedia,Medium,,2026-08-08,2026-08-08,
Mendip Broadwalk,5,Western,,,,,,,,,,https://en.wikipedia.org/wiki/Western_Football_League,Wikipedia,Medium,,2026-08-08,2026-08-08,
Odd Down,5,Western,,,,,,,,,,https://en.wikipedia.org/wiki/Western_Football_League,Wikipedia,Medium,,2026-08-08,2026-08-08,
Oldland Abbotonians,5,Western,,,,,,,,,,https://en.wikipedia.org/wiki/Western_Football_League,Wikipedia,Medium,,2026-08-08,2026-08-08,
Radstock Town,5,Western,,,,,,,,,,https://en.wikipedia.org/wiki/Western_Football_League,Wikipedia,Medium,,2026-08-08,2026-08-08,
Shirehampton,5,Western,,,,,,,,,,https://en.wikipedia.org/wiki/Western_Football_League,Wikipedia,Medium,,2026-08-08,2026-08-08,
Warminster Town,5,Western,,,,,,,,,,https://en.wikipedia.org/wiki/Western_Football_League,Wikipedia,Medium,,2026-08-08,2026-08-08,
Welton Rovers,5,Western,,,,,,,,,,https://en.wikipedia.org/wiki/Western_Football_League,Wikipedia,Medium,,2026-08-08,2026-08-08,
Wincanton Town,5,Western,,,,,,,,,,https://en.wikipedia.org/wiki/Western_Football_League,Wikipedia,Medium,,2026-08-08,2026-08-08,
Andover New Street,5,Wessex,,,,,,,,,,https://en.wikipedia.org/wiki/Wessex_Football_League,Wikipedia,Medium,,2026-08-08,2026-08-08,
Baffins Milton Rovers,5,Wessex,,,,,,,,,,https://en.wikipedia.org/wiki/Wessex_Football_League,Wikipedia,Medium,,2026-08-08,2026-08-08,
Bashley,5,Wessex,,,,,,,,,,https://en.wikipedia.org/wiki/Wessex_Football_League,Wikipedia,Medium,,2026-08-08,2026-08-08,
Bemerton Heath Harlequins,5,Wessex,,,,,,,,,,https://en.wikipedia.org/wiki/Wessex_Football_League,Wikipedia,Medium,,2026-08-08,2026-08-08,
Bournemouth,5,Wessex,,,,,,,,,,https://en.wikipedia.org/wiki/Wessex_Football_League,Wikipedia,Medium,,2026-08-08,2026-08-08,
Brockenhurst,5,Wessex,,,,,,,,,,https://en.wikipedia.org/wiki/Wessex_Football_League,Wikipedia,Medium,,2026-08-08,2026-08-08,
Christchurch,5,Wessex,,,,,,,,,,https://en.wikipedia.org/wiki/Wessex_Football_League,Wikipedia,Medium,,2026-08-08,2026-08-08,
Cowes Sports,5,Wessex,,,,,,,,,,https://en.wikipedia.org/wiki/Wessex_Football_League,Wikipedia,Medium,,2026-08-08,2026-08-08,
Downton,5,Wessex,,,,,,,,,,https://en.wikipedia.org/wiki/Wessex_Football_League,Wikipedia,Medium,,2026-08-08,2026-08-08,
East Cowes Victoria Athletic,5,Wessex,,,,,,,,,,https://en.wikipedia.org/wiki/Wessex_Football_League,Wikipedia,Medium,,2026-08-08,2026-08-08,
Fleetlands,5,Wessex,,,,,,,,,,https://en.wikipedia.org/wiki/Wessex_Football_League,Wikipedia,Medium,,2026-08-08,2026-08-08,
Hamble Club,5,Wessex,,,,,,,,,,https://en.wikipedia.org/wiki/Wessex_Football_League,Wikipedia,Medium,,2026-08-08,2026-08-08,
Hamworthy Recreation,5,Wessex,,,,,,,,,,https://en.wikipedia.org/wiki/Wessex_Football_League,Wikipedia,Medium,,2026-08-08,2026-08-08,
Horndean,5,Wessex,,,,,,,,,,https://en.wikipedia.org/wiki/Wessex_Football_League,Wikipedia,Medium,,2026-08-08,2026-08-08,
Hythe & Dibden,5,Wessex,,,,,,,,,,https://en.wikipedia.org/wiki/Wessex_Football_League,Wikipedia,Medium,,2026-08-08,2026-08-08,
Laverstock & Ford,5,Wessex,,,,,,,,,,https://en.wikipedia.org/wiki/Wessex_Football_League,Wikipedia,Medium,,2026-08-08,2026-08-08,
Millbrook,5,Wessex,,,,,,,,,,https://en.wikipedia.org/wiki/Wessex_Football_League,Wikipedia,Medium,,2026-08-08,2026-08-08,
Petersfield Town,5,Wessex,,,,,,,,,,https://en.wikipedia.org/wiki/Wessex_Football_League,Wikipedia,Medium,,2026-08-08,2026-08-08,
Sherborne Town,5,Wessex,,,,,,,,,,https://en.wikipedia.org/wiki/Wessex_Football_League,Wikipedia,Medium,,2026-08-08,2026-08-08,
Sturminster Newton United,5,Wessex,,,,,,,,,,https://en.wikipedia.org/wiki/Wessex_Football_League,Wikipedia,Medium,,2026-08-08,2026-08-08,
AFC Aldermaston,5,Wessex,,,,,,,,,,https://en.wikipedia.org/wiki/Wessex_Football_League,Wikipedia,Medium,,2026-08-08,2026-08-08,
Alresford Town,5,Wessex,,,,,,,,,,https://en.wikipedia.org/wiki/Wessex_Football_League,Wikipedia,Medium,,2026-08-08,2026-08-08,
Amesbury Town,5,Wessex,,,,,,,,,,https://en.wikipedia.org/wiki/Wessex_Football_League,Wikipedia,Medium,,2026-08-08,2026-08-08,
Colden Common,5,Wessex,,,,,,,,,,https://en.wikipedia.org/wiki/Wessex_Football_League,Wikipedia,Medium,,2026-08-08,2026-08-08,
Fawley,5,Wessex,,,,,,,,,,https://en.wikipedia.org/wiki/Wessex_Football_League,Wikipedia,Medium,,2026-08-08,2026-08-08,
Folland Sports,5,Wessex,,,,,,,,,,https://en.wikipedia.org/wiki/Wessex_Football_League,Wikipedia,Medium,,2026-08-08,2026-08-08,
Frimley Green,5,Wessex,,,,,,,,,,https://en.wikipedia.org/wiki/Wessex_Football_League,Wikipedia,Medium,,2026-08-08,2026-08-08,
Hamworthy United,5,Wessex,,,,,,,,,,https://en.wikipedia.org/wiki/Wessex_Football_League,Wikipedia,Medium,,2026-08-08,2026-08-08,
Hedge End Rangers,5,Wessex,,,,,,,,,,https://en.wikipedia.org/wiki/Wessex_Football_League,Wikipedia,Medium,,2026-08-08,2026-08-08,
Kintbury Rangers,5,Wessex,,,,,,,,,,https://en.wikipedia.org/wiki/Wessex_Football_League,Wikipedia,Medium,,2026-08-08,2026-08-08,
Lymington Town,5,Wessex,,,,,,,,,,https://en.wikipedia.org/wiki/Wessex_Football_League,Wikipedia,Medium,,2026-08-08,2026-08-08,
New Milton Town,5,Wessex,,,,,,,,,,https://en.wikipedia.org/wiki/Wessex_Football_League,Wikipedia,Medium,,2026-08-08,2026-08-08,
Newport,5,Wessex,,,,,,,,,,https://en.wikipedia.org/wiki/Wessex_Football_League,Wikipedia,Medium,,2026-08-08,2026-08-08,
Ringwood Town,5,Wessex,,,,,,,,,,https://en.wikipedia.org/wiki/Wessex_Football_League,Wikipedia,Medium,,2026-08-08,2026-08-08,
Sandhurst Town,5,Wessex,,,,,,,,,,https://en.wikipedia.org/wiki/Wessex_Football_League,Wikipedia,Medium,,2026-08-08,2026-08-08,
Totton & Eling,5,Wessex,,,,,,,,,,https://en.wikipedia.org/wiki/Wessex_Football_League,Wikipedia,Medium,,2026-08-08,2026-08-08,
Whitchurch United,5,Wessex,,,,,,,,,,https://en.wikipedia.org/wiki/Wessex_Football_League,Wikipedia,Medium,,2026-08-08,2026-08-08,
Unknown Club,,Spartan South Midlands,,,,,natashafeaver@hotmail.co.uk,Other,,,,https://www.spartansouthmidlandsleague.co.uk/clubs,League Website,Medium,Found,2026-08-08,2026-08-08,Club name not matched
TRING CORINTHIANS FC,,Spartan South Midlands,,,,,will.sheber@gmail.com,Other,,,,https://www.spartansouthmidlandsleague.co.uk/clubs,League Website,Medium,Found,2026-08-08,2026-08-08,Found on Spartan South Midlands league website
Cockfosters FC,,Spartan South Midlands,,,,,arynhold@googlemail.com,Other,,,,https://www.spartansouthmidlandsleague.co.uk/clubs,League Website,Medium,Found,2026-08-08,2026-08-08,Found on Spartan South Midlands league website
Clubs,,Spartan South Midlands,,,,,rs@colneyheathfc.com,Other,,,,https://www.spartansouthmidlandsleague.co.uk/clubs,League Website,Medium,Found,2026-08-08,2026-08-08,Found on Spartan South Midlands league website
The 61 FC (Luton),,Spartan South Midlands,,,,,rweveritt@gmail.com,Other,,,,https://www.spartansouthmidlandsleague.co.uk/clubs,League Website,Medium,Found,2026-08-08,2026-08-08,Found on Spartan South Midlands league website
CRAWLEY GREEN FC,,Spartan South Midlands,,,,,secretary.crawleygreenfc@gmail.com,Club Secretary,,,,https://www.spartansouthmidlandsleague.co.uk/clubs,League Website,Medium,Found,2026-08-08,2026-08-08,Found on Spartan South Midlands league website
Ampthill Town FC,,Spartan South Midlands,,,,,789ericturner@gmail.com,Other,,,,https://www.spartansouthmidlandsleague.co.uk/clubs,League Website,Medium,Found,2026-08-08,2026-08-08,Found on Spartan South Midlands league website
Risborough Rangers FC,,Spartan South Midlands,,,,,nick@lloydlatchford.co.uk,Other,,,,https://www.spartansouthmidlandsleague.co.uk/clubs,League Website,Medium,Found,2026-08-08,2026-08-08,Found on Spartan South Midlands league website
London Colney FC,,Spartan South Midlands,,,,,kimgrainger@hotmail.co.uk,Other,,,,https://www.spartansouthmidlandsleague.co.uk/clubs,League Website,Medium,Found,2026-08-08,2026-08-08,Found on Spartan South Midlands league website
